filename,word,speaker,source_path
unknown_0001_backward_2748cce7.wav,backward,2748cce7,backward/2748cce7_nohash_0.wav
unknown_0002_backward_9fac5701.wav,backward,9fac5701,backward/9fac5701_nohash_3.wav
unknown_0003_backward_51f7a034.wav,backward,51f7a034,backward/51f7a034_nohash_2.wav
unknown_0004_backward_b69fe0e2.wav,backward,b69fe0e2,backward/b69fe0e2_nohash_1.wav
unknown_0005_backward_4c3cddb8.wav,backward,4c3cddb8,backward/4c3cddb8_nohash_2.wav
unknown_0006_backward_879a2b38.wav,backward,879a2b38,backward/879a2b38_nohash_1.wav
unknown_0007_backward_0f7266cf.wav,backward,0f7266cf,backward/0f7266cf_nohash_2.wav
unknown_0008_backward_9a76f8c3.wav,backward,9a76f8c3,backward/9a76f8c3_nohash_0.wav
unknown_0009_backward_131e738d.wav,backward,131e738d,backward/131e738d_nohash_2.wav
unknown_0010_backward_e9bc5cc2.wav,backward,e9bc5cc2,backward/e9bc5cc2_nohash_1.wav
unknown_0011_backward_5f1253e9.wav,backward,5f1253e9,backward/5f1253e9_nohash_0.wav
unknown_0012_backward_5f5eef60.wav,backward,5f5eef60,backward/5f5eef60_nohash_3.wav
unknown_0013_backward_18ffa72d.wav,backward,18ffa72d,backward/18ffa72d_nohash_0.wav
unknown_0014_backward_e4be0cf6.wav,backward,e4be0cf6,backward/e4be0cf6_nohash_4.wav
unknown_0015_backward_39833acb.wav,backward,39833acb,backward/39833acb_nohash_4.wav
unknown_0016_backward_a293e285.wav,backward,a293e285,backward/a293e285_nohash_0.wav
unknown_0017_backward_256c0a05.wav,backward,256c0a05,backward/256c0a05_nohash_4.wav
unknown_0018_backward_a04817c2.wav,backward,a04817c2,backward/a04817c2_nohash_3.wav
unknown_0019_backward_13a93b33.wav,backward,13a93b33,backward/13a93b33_nohash_0.wav
unknown_0020_backward_d264f7b6.wav,backward,d264f7b6,backward/d264f7b6_nohash_0.wav
unknown_0021_backward_f68160c0.wav,backward,f68160c0,backward/f68160c0_nohash_4.wav
unknown_0022_backward_a7200079.wav,backward,a7200079,backward/a7200079_nohash_2.wav
unknown_0023_backward_bbf38549.wav,backward,bbf38549,backward/bbf38549_nohash_3.wav
unknown_0024_backward_7c83c5f6.wav,backward,7c83c5f6,backward/7c83c5f6_nohash_3.wav
unknown_0025_backward_b44007bc.wav,backward,b44007bc,backward/b44007bc_nohash_0.wav
unknown_0026_backward_4995d875.wav,backward,4995d875,backward/4995d875_nohash_0.wav
unknown_0027_backward_d0fb9ff4.wav,backward,d0fb9ff4,backward/d0fb9ff4_nohash_0.wav
unknown_0028_backward_9448c397.wav,backward,9448c397,backward/9448c397_nohash_2.wav
unknown_0029_backward_559bc36a.wav,backward,559bc36a,backward/559bc36a_nohash_0.wav
unknown_0030_bed_3fdafe25.wav,bed,3fdafe25,bed/3fdafe25_nohash_0.wav
unknown_0031_bed_d0ce2418.wav,bed,d0ce2418,bed/d0ce2418_nohash_0.wav
unknown_0032_bed_e77d88fc.wav,bed,e77d88fc,bed/e77d88fc_nohash_0.wav
unknown_0033_bed_990ebd1f.wav,bed,990ebd1f,bed/990ebd1f_nohash_0.wav
unknown_0034_bed_97f493b9.wav,bed,97f493b9,bed/97f493b9_nohash_0.wav
unknown_0035_bed_1df483c0.wav,bed,1df483c0,bed/1df483c0_nohash_0.wav
unknown_0036_bed_50d1c8e3.wav,bed,50d1c8e3,bed/50d1c8e3_nohash_0.wav
unknown_0037_bed_df6bd83f.wav,bed,df6bd83f,bed/df6bd83f_nohash_0.wav
unknown_0038_bed_8aa35b0c.wav,bed,8aa35b0c,bed/8aa35b0c_nohash_1.wav
unknown_0039_bed_66aa0f29.wav,bed,66aa0f29,bed/66aa0f29_nohash_0.wav
unknown_0040_bed_cb164eea.wav,bed,cb164eea,bed/cb164eea_nohash_0.wav
unknown_0041_bed_39ec87ac.wav,bed,39ec87ac,bed/39ec87ac_nohash_0.wav
unknown_0042_bed_012c8314.wav,bed,012c8314,bed/012c8314_nohash_1.wav
unknown_0043_bed_b43c8f2f.wav,bed,b43c8f2f,bed/b43c8f2f_nohash_0.wav
unknown_0044_bed_8281a2a8.wav,bed,8281a2a8,bed/8281a2a8_nohash_0.wav
unknown_0045_bed_ce9410da.wav,bed,ce9410da,bed/ce9410da_nohash_1.wav
unknown_0046_bed_518588b6.wav,bed,518588b6,bed/518588b6_nohash_1.wav
unknown_0047_bed_3b3d2f59.wav,bed,3b3d2f59,bed/3b3d2f59_nohash_0.wav
unknown_0048_bed_1a073312.wav,bed,1a073312,bed/1a073312_nohash_1.wav
unknown_0049_bed_b0ae6326.wav,bed,b0ae6326,bed/b0ae6326_nohash_0.wav
unknown_0050_bed_fb2f3242.wav,bed,fb2f3242,bed/fb2f3242_nohash_0.wav
unknown_0051_bed_c8771f88.wav,bed,c8771f88,bed/c8771f88_nohash_0.wav
unknown_0052_bed_da040491.wav,bed,da040491,bed/da040491_nohash_0.wav
unknown_0053_bed_da2c5f1b.wav,bed,da2c5f1b,bed/da2c5f1b_nohash_1.wav
unknown_0054_bed_7c83c5f6.wav,bed,7c83c5f6,bed/7c83c5f6_nohash_0.wav
unknown_0055_bed_81a345a3.wav,bed,81a345a3,bed/81a345a3_nohash_0.wav
unknown_0056_bed_3d9bbe2d.wav,bed,3d9bbe2d,bed/3d9bbe2d_nohash_0.wav
unknown_0057_bed_3143fdff.wav,bed,3143fdff,bed/3143fdff_nohash_0.wav
unknown_0058_bed_ab5b211a.wav,bed,ab5b211a,bed/ab5b211a_nohash_0.wav
unknown_0059_bird_f2e9b610.wav,bird,f2e9b610,bird/f2e9b610_nohash_0.wav
unknown_0060_bird_6cc28ce5.wav,bird,6cc28ce5,bird/6cc28ce5_nohash_1.wav
unknown_0061_bird_9be15e93.wav,bird,9be15e93,bird/9be15e93_nohash_0.wav
unknown_0062_bird_c6ca5d01.wav,bird,c6ca5d01,bird/c6ca5d01_nohash_1.wav
unknown_0063_bird_5d0ab165.wav,bird,5d0ab165,bird/5d0ab165_nohash_1.wav
unknown_0064_bird_d394ef8e.wav,bird,d394ef8e,bird/d394ef8e_nohash_0.wav
unknown_0065_bird_dae01802.wav,bird,dae01802,bird/dae01802_nohash_0.wav
unknown_0066_bird_0d6d7360.wav,bird,0d6d7360,bird/0d6d7360_nohash_0.wav
unknown_0067_bird_ab5ae445.wav,bird,ab5ae445,bird/ab5ae445_nohash_2.wav
unknown_0068_bird_d4082f3e.wav,bird,d4082f3e,bird/d4082f3e_nohash_0.wav
unknown_0069_bird_2f0ce4d9.wav,bird,2f0ce4d9,bird/2f0ce4d9_nohash_0.wav
unknown_0070_bird_72320401.wav,bird,72320401,bird/72320401_nohash_0.wav
unknown_0071_bird_a331d9cb.wav,bird,a331d9cb,bird/a331d9cb_nohash_0.wav
unknown_0072_bird_3fb8c268.wav,bird,3fb8c268,bird/3fb8c268_nohash_1.wav
unknown_0073_bird_5e3b7a84.wav,bird,5e3b7a84,bird/5e3b7a84_nohash_0.wav
unknown_0074_bird_ec545975.wav,bird,ec545975,bird/ec545975_nohash_1.wav
unknown_0075_bird_de41f895.wav,bird,de41f895,bird/de41f895_nohash_1.wav
unknown_0076_bird_73f0c1f7.wav,bird,73f0c1f7,bird/73f0c1f7_nohash_1.wav
unknown_0077_bird_589bce2c.wav,bird,589bce2c,bird/589bce2c_nohash_0.wav
unknown_0078_bird_b4bef564.wav,bird,b4bef564,bird/b4bef564_nohash_0.wav
unknown_0079_bird_62ef962d.wav,bird,62ef962d,bird/62ef962d_nohash_0.wav
unknown_0080_bird_31d68957.wav,bird,31d68957,bird/31d68957_nohash_3.wav
unknown_0081_bird_6cc28ce5.wav,bird,6cc28ce5,bird/6cc28ce5_nohash_0.wav
unknown_0082_bird_493392c6.wav,bird,493392c6,bird/493392c6_nohash_1.wav
unknown_0083_bird_8601f33b.wav,bird,8601f33b,bird/8601f33b_nohash_0.wav
unknown_0084_bird_f4386675.wav,bird,f4386675,bird/f4386675_nohash_0.wav
unknown_0085_bird_1473be6a.wav,bird,1473be6a,bird/1473be6a_nohash_0.wav
unknown_0086_bird_e9abfe31.wav,bird,e9abfe31,bird/e9abfe31_nohash_0.wav
unknown_0087_bird_e2008f39.wav,bird,e2008f39,bird/e2008f39_nohash_0.wav
unknown_0088_cat_d0ce2418.wav,cat,d0ce2418,cat/d0ce2418_nohash_0.wav
unknown_0089_cat_340c8b10.wav,cat,340c8b10,cat/340c8b10_nohash_1.wav
unknown_0090_cat_8931f494.wav,cat,8931f494,cat/8931f494_nohash_0.wav
unknown_0091_cat_b15fc37d.wav,cat,b15fc37d,cat/b15fc37d_nohash_0.wav
unknown_0092_cat_8bf6acb9.wav,cat,8bf6acb9,cat/8bf6acb9_nohash_0.wav
unknown_0093_cat_9f92fb7c.wav,cat,9f92fb7c,cat/9f92fb7c_nohash_0.wav
unknown_0094_cat_b69fe0e2.wav,cat,b69fe0e2,cat/b69fe0e2_nohash_0.wav
unknown_0095_cat_8f0d3c27.wav,cat,8f0d3c27,cat/8f0d3c27_nohash_2.wav
unknown_0096_cat_46a153d8.wav,cat,46a153d8,cat/46a153d8_nohash_0.wav
unknown_0097_cat_79903546.wav,cat,79903546,cat/79903546_nohash_0.wav
unknown_0098_cat_102192fd.wav,cat,102192fd,cat/102192fd_nohash_0.wav
unknown_0099_cat_97101ef3.wav,cat,97101ef3,cat/97101ef3_nohash_1.wav
unknown_0100_cat_5677ec77.wav,cat,5677ec77,cat/5677ec77_nohash_1.wav
unknown_0101_cat_9229bff9.wav,cat,9229bff9,cat/9229bff9_nohash_1.wav
unknown_0102_cat_234ab0fb.wav,cat,234ab0fb,cat/234ab0fb_nohash_0.wav
unknown_0103_cat_7303215d.wav,cat,7303215d,cat/7303215d_nohash_1.wav
unknown_0104_cat_ab353673.wav,cat,ab353673,cat/ab353673_nohash_0.wav
unknown_0105_cat_708a9569.wav,cat,708a9569,cat/708a9569_nohash_0.wav
unknown_0106_cat_2b5e346d.wav,cat,2b5e346d,cat/2b5e346d_nohash_0.wav
unknown_0107_cat_aa62fdad.wav,cat,aa62fdad,cat/aa62fdad_nohash_2.wav
unknown_0108_cat_d3d8fcd0.wav,cat,d3d8fcd0,cat/d3d8fcd0_nohash_0.wav
unknown_0109_cat_20174140.wav,cat,20174140,cat/20174140_nohash_0.wav
unknown_0110_cat_bbaa7946.wav,cat,bbaa7946,cat/bbaa7946_nohash_0.wav
unknown_0111_cat_ea1f888c.wav,cat,ea1f888c,cat/ea1f888c_nohash_1.wav
unknown_0112_cat_26e573a9.wav,cat,26e573a9,cat/26e573a9_nohash_0.wav
unknown_0113_cat_37d38e44.wav,cat,37d38e44,cat/37d38e44_nohash_1.wav
unknown_0114_cat_9f869f70.wav,cat,9f869f70,cat/9f869f70_nohash_2.wav
unknown_0115_cat_4c3cddb8.wav,cat,4c3cddb8,cat/4c3cddb8_nohash_0.wav
unknown_0116_cat_f3d06008.wav,cat,f3d06008,cat/f3d06008_nohash_0.wav
unknown_0117_dog_2e30f9a5.wav,dog,2e30f9a5,dog/2e30f9a5_nohash_0.wav
unknown_0118_dog_b5cf6ea8.wav,dog,b5cf6ea8,dog/b5cf6ea8_nohash_1.wav
unknown_0119_dog_ab5b211a.wav,dog,ab5b211a,dog/ab5b211a_nohash_0.wav
unknown_0120_dog_a2b16113.wav,dog,a2b16113,dog/a2b16113_nohash_0.wav
unknown_0121_dog_7bf801d1.wav,dog,7bf801d1,dog/7bf801d1_nohash_0.wav
unknown_0122_dog_a518d1cf.wav,dog,a518d1cf,dog/a518d1cf_nohash_0.wav
unknown_0123_dog_6124b431.wav,dog,6124b431,dog/6124b431_nohash_0.wav
unknown_0124_dog_299c14b1.wav,dog,299c14b1,dog/299c14b1_nohash_0.wav
unknown_0125_dog_d4d898d7.wav,dog,d4d898d7,dog/d4d898d7_nohash_0.wav
unknown_0126_dog_b87bdb22.wav,dog,b87bdb22,dog/b87bdb22_nohash_0.wav
unknown_0127_dog_ef3367d9.wav,dog,ef3367d9,dog/ef3367d9_nohash_0.wav
unknown_0128_dog_f804cbb3.wav,dog,f804cbb3,dog/f804cbb3_nohash_0.wav
unknown_0129_dog_0b09edd3.wav,dog,0b09edd3,dog/0b09edd3_nohash_1.wav
unknown_0130_dog_dac8b7f9.wav,dog,dac8b7f9,dog/dac8b7f9_nohash_0.wav
unknown_0131_dog_61d3e51e.wav,dog,61d3e51e,dog/61d3e51e_nohash_0.wav
unknown_0132_dog_edd8bfe3.wav,dog,edd8bfe3,dog/edd8bfe3_nohash_0.wav
unknown_0133_dog_9beccfc8.wav,dog,9beccfc8,dog/9beccfc8_nohash_1.wav
unknown_0134_dog_7b301939.wav,dog,7b301939,dog/7b301939_nohash_0.wav
unknown_0135_dog_05d18852.wav,dog,05d18852,dog/05d18852_nohash_0.wav
unknown_0136_dog_3e3fa7fd.wav,dog,3e3fa7fd,dog/3e3fa7fd_nohash_0.wav
unknown_0137_dog_6bd4554d.wav,dog,6bd4554d,dog/6bd4554d_nohash_0.wav
unknown_0138_dog_7211390b.wav,dog,7211390b,dog/7211390b_nohash_0.wav
unknown_0139_dog_baf01c1f.wav,dog,baf01c1f,dog/baf01c1f_nohash_0.wav
unknown_0140_dog_b00c4c53.wav,dog,b00c4c53,dog/b00c4c53_nohash_1.wav
unknown_0141_dog_64a80906.wav,dog,64a80906,dog/64a80906_nohash_2.wav
unknown_0142_dog_1efdf53f.wav,dog,1efdf53f,dog/1efdf53f_nohash_1.wav
unknown_0143_dog_ca5d184c.wav,dog,ca5d184c,dog/ca5d184c_nohash_0.wav
unknown_0144_dog_54412eae.wav,dog,54412eae,dog/54412eae_nohash_1.wav
unknown_0145_dog_418e7158.wav,dog,418e7158,dog/418e7158_nohash_2.wav
unknown_0146_down_2fee065a.wav,down,2fee065a,down/2fee065a_nohash_0.wav
unknown_0147_down_0a196374.wav,down,0a196374,down/0a196374_nohash_2.wav
unknown_0148_down_d264f7b6.wav,down,d264f7b6,down/d264f7b6_nohash_3.wav
unknown_0149_down_eeaf97c3.wav,down,eeaf97c3,down/eeaf97c3_nohash_3.wav
unknown_0150_down_14872d06.wav,down,14872d06,down/14872d06_nohash_0.wav
unknown_0151_down_f5733968.wav,down,f5733968,down/f5733968_nohash_3.wav
unknown_0152_down_62f05757.wav,down,62f05757,down/62f05757_nohash_4.wav
unknown_0153_down_ec7d1151.wav,down,ec7d1151,down/ec7d1151_nohash_2.wav
unknown_0154_down_d1214f15.wav,down,d1214f15,down/d1214f15_nohash_0.wav
unknown_0155_down_674ca5ea.wav,down,674ca5ea,down/674ca5ea_nohash_2.wav
unknown_0156_down_3d9bbe2d.wav,down,3d9bbe2d,down/3d9bbe2d_nohash_4.wav
unknown_0157_down_f736ab63.wav,down,f736ab63,down/f736ab63_nohash_3.wav
unknown_0158_down_113b3fbc.wav,down,113b3fbc,down/113b3fbc_nohash_1.wav
unknown_0159_down_6b7d5101.wav,down,6b7d5101,down/6b7d5101_nohash_0.wav
unknown_0160_down_a3fc7884.wav,down,a3fc7884,down/a3fc7884_nohash_1.wav
unknown_0161_down_e0611c84.wav,down,e0611c84,down/e0611c84_nohash_1.wav
unknown_0162_down_5f5eef60.wav,down,5f5eef60,down/5f5eef60_nohash_2.wav
unknown_0163_down_e0315cf6.wav,down,e0315cf6,down/e0315cf6_nohash_0.wav
unknown_0164_down_66cbe2b3.wav,down,66cbe2b3,down/66cbe2b3_nohash_0.wav
unknown_0165_down_89947bd7.wav,down,89947bd7,down/89947bd7_nohash_3.wav
unknown_0166_down_d3badc9a.wav,down,d3badc9a,down/d3badc9a_nohash_1.wav
unknown_0167_down_840eab5a.wav,down,840eab5a,down/840eab5a_nohash_0.wav
unknown_0168_down_39543cfd.wav,down,39543cfd,down/39543cfd_nohash_0.wav
unknown_0169_down_5b09db89.wav,down,5b09db89,down/5b09db89_nohash_4.wav
unknown_0170_down_95299b6c.wav,down,95299b6c,down/95299b6c_nohash_0.wav
unknown_0171_down_f8ba7c0e.wav,down,f8ba7c0e,down/f8ba7c0e_nohash_3.wav
unknown_0172_down_53eb0a88.wav,down,53eb0a88,down/53eb0a88_nohash_0.wav
unknown_0173_down_19f9c115.wav,down,19f9c115,down/19f9c115_nohash_0.wav
unknown_0174_down_ed032775.wav,down,ed032775,down/ed032775_nohash_2.wav
unknown_0175_eight_f0659908.wav,eight,f0659908,eight/f0659908_nohash_1.wav
unknown_0176_eight_52162b51.wav,eight,52162b51,eight/52162b51_nohash_0.wav
unknown_0177_eight_85b877b5.wav,eight,85b877b5,eight/85b877b5_nohash_0.wav
unknown_0178_eight_3b8406c0.wav,eight,3b8406c0,eight/3b8406c0_nohash_0.wav
unknown_0179_eight_bcdaa7a9.wav,eight,bcdaa7a9,eight/bcdaa7a9_nohash_0.wav
unknown_0180_eight_d394ef8e.wav,eight,d394ef8e,eight/d394ef8e_nohash_2.wav
unknown_0181_eight_41777abb.wav,eight,41777abb,eight/41777abb_nohash_0.wav
unknown_0182_eight_270bfa52.wav,eight,270bfa52,eight/270bfa52_nohash_0.wav
unknown_0183_eight_2fee065a.wav,eight,2fee065a,eight/2fee065a_nohash_3.wav
unknown_0184_eight_62f05757.wav,eight,62f05757,eight/62f05757_nohash_0.wav
unknown_0185_eight_bd76a7fd.wav,eight,bd76a7fd,eight/bd76a7fd_nohash_3.wav
unknown_0186_eight_9a76f8c3.wav,eight,9a76f8c3,eight/9a76f8c3_nohash_1.wav
unknown_0187_eight_833d9f56.wav,eight,833d9f56,eight/833d9f56_nohash_4.wav
unknown_0188_eight_66aa0f29.wav,eight,66aa0f29,eight/66aa0f29_nohash_0.wav
unknown_0189_eight_23da904f.wav,eight,23da904f,eight/23da904f_nohash_4.wav
unknown_0190_eight_ffd2ba2f.wav,eight,ffd2ba2f,eight/ffd2ba2f_nohash_0.wav
unknown_0191_eight_06f6c194.wav,eight,06f6c194,eight/06f6c194_nohash_4.wav
unknown_0192_eight_b575b5fb.wav,eight,b575b5fb,eight/b575b5fb_nohash_0.wav
unknown_0193_eight_b2ae3928.wav,eight,b2ae3928,eight/b2ae3928_nohash_4.wav
unknown_0194_eight_baeac2ba.wav,eight,baeac2ba,eight/baeac2ba_nohash_0.wav
unknown_0195_eight_8012c69d.wav,eight,8012c69d,eight/8012c69d_nohash_3.wav
unknown_0196_eight_78622c2b.wav,eight,78622c2b,eight/78622c2b_nohash_0.wav
unknown_0197_eight_35d1b6ee.wav,eight,35d1b6ee,eight/35d1b6ee_nohash_0.wav
unknown_0198_eight_152491bc.wav,eight,152491bc,eight/152491bc_nohash_2.wav
unknown_0199_eight_190821dc.wav,eight,190821dc,eight/190821dc_nohash_3.wav
unknown_0200_eight_069ab0d5.wav,eight,069ab0d5,eight/069ab0d5_nohash_0.wav
unknown_0201_eight_2927c601.wav,eight,2927c601,eight/2927c601_nohash_1.wav
unknown_0202_eight_1b88bf70.wav,eight,1b88bf70,eight/1b88bf70_nohash_0.wav
unknown_0203_eight_9587481f.wav,eight,9587481f,eight/9587481f_nohash_0.wav
unknown_0204_five_0132a06d.wav,five,0132a06d,five/0132a06d_nohash_1.wav
unknown_0205_five_b4ea0d9a.wav,five,b4ea0d9a,five/b4ea0d9a_nohash_3.wav
unknown_0206_five_fac7deca.wav,five,fac7deca,five/fac7deca_nohash_0.wav
unknown_0207_five_ec989d6d.wav,five,ec989d6d,five/ec989d6d_nohash_4.wav
unknown_0208_five_3589bc72.wav,five,3589bc72,five/3589bc72_nohash_2.wav
unknown_0209_five_4cee0c60.wav,five,4cee0c60,five/4cee0c60_nohash_2.wav
unknown_0210_five_888a0c49.wav,five,888a0c49,five/888a0c49_nohash_3.wav
unknown_0211_five_07c5129e.wav,five,07c5129e,five/07c5129e_nohash_1.wav
unknown_0212_five_44e9d8d2.wav,five,44e9d8d2,five/44e9d8d2_nohash_1.wav
unknown_0213_five_42f81601.wav,five,42f81601,five/42f81601_nohash_1.wav
unknown_0214_five_e6327279.wav,five,e6327279,five/e6327279_nohash_0.wav
unknown_0215_five_7213ed54.wav,five,7213ed54,five/7213ed54_nohash_1.wav
unknown_0216_five_09bcdc9d.wav,five,09bcdc9d,five/09bcdc9d_nohash_0.wav
unknown_0217_five_3c1e12cf.wav,five,3c1e12cf,five/3c1e12cf_nohash_1.wav
unknown_0218_five_f035e2ea.wav,five,f035e2ea,five/f035e2ea_nohash_2.wav
unknown_0219_five_4e99c1b7.wav,five,4e99c1b7,five/4e99c1b7_nohash_0.wav
unknown_0220_five_53458368.wav,five,53458368,five/53458368_nohash_0.wav
unknown_0221_five_fa57ab3b.wav,five,fa57ab3b,five/fa57ab3b_nohash_4.wav
unknown_0222_five_1a892463.wav,five,1a892463,five/1a892463_nohash_0.wav
unknown_0223_five_1b42b551.wav,five,1b42b551,five/1b42b551_nohash_2.wav
unknown_0224_five_6bf5baf3.wav,five,6bf5baf3,five/6bf5baf3_nohash_4.wav
unknown_0225_five_954f190f.wav,five,954f190f,five/954f190f_nohash_3.wav
unknown_0226_five_e0315cf6.wav,five,e0315cf6,five/e0315cf6_nohash_0.wav
unknown_0227_five_1ecfb537.wav,five,1ecfb537,five/1ecfb537_nohash_1.wav
unknown_0228_five_f568162b.wav,five,f568162b,five/f568162b_nohash_1.wav
unknown_0229_five_978240e1.wav,five,978240e1,five/978240e1_nohash_0.wav
unknown_0230_five_c50f55b8.wav,five,c50f55b8,five/c50f55b8_nohash_10.wav
unknown_0231_five_f798ac78.wav,five,f798ac78,five/f798ac78_nohash_1.wav
unknown_0232_five_1ed0b13d.wav,five,1ed0b13d,five/1ed0b13d_nohash_2.wav
unknown_0233_follow_ab46af55.wav,follow,ab46af55,follow/ab46af55_nohash_0.wav
unknown_0234_follow_1e9e6bdd.wav,follow,1e9e6bdd,follow/1e9e6bdd_nohash_2.wav
unknown_0235_follow_513aeddf.wav,follow,513aeddf,follow/513aeddf_nohash_0.wav
unknown_0236_follow_235b444f.wav,follow,235b444f,follow/235b444f_nohash_3.wav
unknown_0237_follow_7fb8d703.wav,follow,7fb8d703,follow/7fb8d703_nohash_3.wav
unknown_0238_follow_a97c6445.wav,follow,a97c6445,follow/a97c6445_nohash_2.wav
unknown_0239_follow_63f042c6.wav,follow,63f042c6,follow/63f042c6_nohash_2.wav
unknown_0240_follow_24a3e589.wav,follow,24a3e589,follow/24a3e589_nohash_3.wav
unknown_0241_follow_bde0f20a.wav,follow,bde0f20a,follow/bde0f20a_nohash_0.wav
unknown_0242_follow_d394ef8e.wav,follow,d394ef8e,follow/d394ef8e_nohash_4.wav
unknown_0243_follow_6640fdc0.wav,follow,6640fdc0,follow/6640fdc0_nohash_0.wav
unknown_0244_follow_a16013b7.wav,follow,a16013b7,follow/a16013b7_nohash_3.wav
unknown_0245_follow_31601aad.wav,follow,31601aad,follow/31601aad_nohash_0.wav
unknown_0246_follow_02ade946.wav,follow,02ade946,follow/02ade946_nohash_3.wav
unknown_0247_follow_616420be.wav,follow,616420be,follow/616420be_nohash_0.wav
unknown_0248_follow_c50f55b8.wav,follow,c50f55b8,follow/c50f55b8_nohash_4.wav
unknown_0249_follow_74241b28.wav,follow,74241b28,follow/74241b28_nohash_0.wav
unknown_0250_follow_42a99aec.wav,follow,42a99aec,follow/42a99aec_nohash_1.wav
unknown_0251_follow_2b5e346d.wav,follow,2b5e346d,follow/2b5e346d_nohash_2.wav
unknown_0252_follow_0d90d8e1.wav,follow,0d90d8e1,follow/0d90d8e1_nohash_1.wav
unknown_0253_follow_5769c5ab.wav,follow,5769c5ab,follow/5769c5ab_nohash_2.wav
unknown_0254_follow_435695e3.wav,follow,435695e3,follow/435695e3_nohash_3.wav
unknown_0255_follow_322d17d3.wav,follow,322d17d3,follow/322d17d3_nohash_3.wav
unknown_0256_follow_5769c5ab.wav,follow,5769c5ab,follow/5769c5ab_nohash_0.wav
unknown_0257_follow_bbf38549.wav,follow,bbf38549,follow/bbf38549_nohash_2.wav
unknown_0258_follow_f2e9b610.wav,follow,f2e9b610,follow/f2e9b610_nohash_4.wav
unknown_0259_follow_a77fbcfd.wav,follow,a77fbcfd,follow/a77fbcfd_nohash_1.wav
unknown_0260_follow_dcbfe008.wav,follow,dcbfe008,follow/dcbfe008_nohash_0.wav
unknown_0261_follow_4c6944d6.wav,follow,4c6944d6,follow/4c6944d6_nohash_3.wav
unknown_0262_forward_24a3e589.wav,forward,24a3e589,forward/24a3e589_nohash_2.wav
unknown_0263_forward_51c5601d.wav,forward,51c5601d,forward/51c5601d_nohash_2.wav
unknown_0264_forward_8b25410a.wav,forward,8b25410a,forward/8b25410a_nohash_3.wav
unknown_0265_forward_017c4098.wav,forward,017c4098,forward/017c4098_nohash_3.wav
unknown_0266_forward_42f81601.wav,forward,42f81601,forward/42f81601_nohash_0.wav
unknown_0267_forward_d1dd03ed.wav,forward,d1dd03ed,forward/d1dd03ed_nohash_3.wav
unknown_0268_forward_645ed69d.wav,forward,645ed69d,forward/645ed69d_nohash_0.wav
unknown_0269_forward_890cc926.wav,forward,890cc926,forward/890cc926_nohash_0.wav
unknown_0270_forward_3a3ee7ed.wav,forward,3a3ee7ed,forward/3a3ee7ed_nohash_0.wav
unknown_0271_forward_9a76f8c3.wav,forward,9a76f8c3,forward/9a76f8c3_nohash_2.wav
unknown_0272_forward_f2898d06.wav,forward,f2898d06,forward/f2898d06_nohash_2.wav
unknown_0273_forward_eaa83485.wav,forward,eaa83485,forward/eaa83485_nohash_1.wav
unknown_0274_forward_312b96ec.wav,forward,312b96ec,forward/312b96ec_nohash_0.wav
unknown_0275_forward_ff4ed4f3.wav,forward,ff4ed4f3,forward/ff4ed4f3_nohash_0.wav
unknown_0276_forward_ff4ed4f3.wav,forward,ff4ed4f3,forward/ff4ed4f3_nohash_2.wav
unknown_0277_forward_c5a1e46c.wav,forward,c5a1e46c,forward/c5a1e46c_nohash_3.wav
unknown_0278_forward_0ba018fc.wav,forward,0ba018fc,forward/0ba018fc_nohash_3.wav
unknown_0279_forward_a16013b7.wav,forward,a16013b7,forward/a16013b7_nohash_3.wav
unknown_0280_forward_1b42b551.wav,forward,1b42b551,forward/1b42b551_nohash_0.wav
unknown_0281_forward_978240e1.wav,forward,978240e1,forward/978240e1_nohash_1.wav
unknown_0282_forward_29dce108.wav,forward,29dce108,forward/29dce108_nohash_0.wav
unknown_0283_forward_9151f184.wav,forward,9151f184,forward/9151f184_nohash_3.wav
unknown_0284_forward_da040491.wav,forward,da040491,forward/da040491_nohash_1.wav
unknown_0285_forward_d9aa8c90.wav,forward,d9aa8c90,forward/d9aa8c90_nohash_1.wav
unknown_0286_forward_fbb56351.wav,forward,fbb56351,forward/fbb56351_nohash_3.wav
unknown_0287_forward_d9aa8c90.wav,forward,d9aa8c90,forward/d9aa8c90_nohash_4.wav
unknown_0288_forward_25e95412.wav,forward,25e95412,forward/25e95412_nohash_2.wav
unknown_0289_forward_a1cf7fd8.wav,forward,a1cf7fd8,forward/a1cf7fd8_nohash_0.wav
unknown_0290_forward_2aca1e72.wav,forward,2aca1e72,forward/2aca1e72_nohash_7.wav
unknown_0291_four_bbd0bbd0.wav,four,bbd0bbd0,four/bbd0bbd0_nohash_0.wav
unknown_0292_four_4649256f.wav,four,4649256f,four/4649256f_nohash_1.wav
unknown_0293_four_29fb33da.wav,four,29fb33da,four/29fb33da_nohash_2.wav
unknown_0294_four_8e523821.wav,four,8e523821,four/8e523821_nohash_0.wav
unknown_0295_four_a8ee11c7.wav,four,a8ee11c7,four/a8ee11c7_nohash_0.wav
unknown_0296_four_da040491.wav,four,da040491,four/da040491_nohash_1.wav
unknown_0297_four_ef3367d9.wav,four,ef3367d9,four/ef3367d9_nohash_2.wav
unknown_0298_four_ddedba85.wav,four,ddedba85,four/ddedba85_nohash_7.wav
unknown_0299_four_c1d39ce8.wav,four,c1d39ce8,four/c1d39ce8_nohash_0.wav
unknown_0300_four_cce7416f.wav,four,cce7416f,four/cce7416f_nohash_1.wav
unknown_0301_four_460209ac.wav,four,460209ac,four/460209ac_nohash_3.wav
unknown_0302_four_a827e3a1.wav,four,a827e3a1,four/a827e3a1_nohash_0.wav
unknown_0303_four_2197f41c.wav,four,2197f41c,four/2197f41c_nohash_2.wav
unknown_0304_four_08ab231c.wav,four,08ab231c,four/08ab231c_nohash_0.wav
unknown_0305_four_ffbb695d.wav,four,ffbb695d,four/ffbb695d_nohash_0.wav
unknown_0306_four_6e8b9b7b.wav,four,6e8b9b7b,four/6e8b9b7b_nohash_0.wav
unknown_0307_four_97e0c576.wav,four,97e0c576,four/97e0c576_nohash_0.wav
unknown_0308_four_34d5aa5a.wav,four,34d5aa5a,four/34d5aa5a_nohash_0.wav
unknown_0309_four_978240e1.wav,four,978240e1,four/978240e1_nohash_0.wav
unknown_0310_four_24a3e589.wav,four,24a3e589,four/24a3e589_nohash_3.wav
unknown_0311_four_708b8d51.wav,four,708b8d51,four/708b8d51_nohash_0.wav
unknown_0312_four_5c39594f.wav,four,5c39594f,four/5c39594f_nohash_2.wav
unknown_0313_four_6c429c7b.wav,four,6c429c7b,four/6c429c7b_nohash_1.wav
unknown_0314_four_6a2fb9a5.wav,four,6a2fb9a5,four/6a2fb9a5_nohash_2.wav
unknown_0315_four_06f6c194.wav,four,06f6c194,four/06f6c194_nohash_1.wav
unknown_0316_four_73f0c1f7.wav,four,73f0c1f7,four/73f0c1f7_nohash_0.wav
unknown_0317_four_0132a06d.wav,four,0132a06d,four/0132a06d_nohash_1.wav
unknown_0318_four_8f4c551f.wav,four,8f4c551f,four/8f4c551f_nohash_2.wav
unknown_0319_four_f2a90886.wav,four,f2a90886,four/f2a90886_nohash_0.wav
unknown_0320_go_7211390b.wav,go,7211390b,go/7211390b_nohash_0.wav
unknown_0321_go_b2fbe484.wav,go,b2fbe484,go/b2fbe484_nohash_0.wav
unknown_0322_go_b0ae6326.wav,go,b0ae6326,go/b0ae6326_nohash_1.wav
unknown_0323_go_9a76f8c3.wav,go,9a76f8c3,go/9a76f8c3_nohash_3.wav
unknown_0324_go_dabf67d9.wav,go,dabf67d9,go/dabf67d9_nohash_0.wav
unknown_0325_go_e7ea8b76.wav,go,e7ea8b76,go/e7ea8b76_nohash_3.wav
unknown_0326_go_cce7416f.wav,go,cce7416f,go/cce7416f_nohash_8.wav
unknown_0327_go_4c3cddb8.wav,go,4c3cddb8,go/4c3cddb8_nohash_1.wav
unknown_0328_go_06f6c194.wav,go,06f6c194,go/06f6c194_nohash_4.wav
unknown_0329_go_64df20d8.wav,go,64df20d8,go/64df20d8_nohash_3.wav
unknown_0330_go_f192e6b4.wav,go,f192e6b4,go/f192e6b4_nohash_0.wav
unknown_0331_go_2927c601.wav,go,2927c601,go/2927c601_nohash_1.wav
unknown_0332_go_850e2222.wav,go,850e2222,go/850e2222_nohash_0.wav
unknown_0333_go_f30285c8.wav,go,f30285c8,go/f30285c8_nohash_0.wav
unknown_0334_go_87c62767.wav,go,87c62767,go/87c62767_nohash_0.wav
unknown_0335_go_d264f7b6.wav,go,d264f7b6,go/d264f7b6_nohash_3.wav
unknown_0336_go_fbb2f6cc.wav,go,fbb2f6cc,go/fbb2f6cc_nohash_2.wav
unknown_0337_go_e0315cf6.wav,go,e0315cf6,go/e0315cf6_nohash_3.wav
unknown_0338_go_679463fc.wav,go,679463fc,go/679463fc_nohash_3.wav
unknown_0339_go_113b3fbc.wav,go,113b3fbc,go/113b3fbc_nohash_3.wav
unknown_0340_go_b66f4f93.wav,go,b66f4f93,go/b66f4f93_nohash_3.wav
unknown_0341_go_67bdbf56.wav,go,67bdbf56,go/67bdbf56_nohash_3.wav
unknown_0342_go_a7acbbeb.wav,go,a7acbbeb,go/a7acbbeb_nohash_1.wav
unknown_0343_go_954f190f.wav,go,954f190f,go/954f190f_nohash_1.wav
unknown_0344_go_34ba417a.wav,go,34ba417a,go/34ba417a_nohash_0.wav
unknown_0345_go_ac7840d8.wav,go,ac7840d8,go/ac7840d8_nohash_1.wav
unknown_0346_go_e7ebf59c.wav,go,e7ebf59c,go/e7ebf59c_nohash_0.wav
unknown_0347_go_f953e1af.wav,go,f953e1af,go/f953e1af_nohash_3.wav
unknown_0348_go_4c6944d6.wav,go,4c6944d6,go/4c6944d6_nohash_4.wav
unknown_0349_happy_5c39594f.wav,happy,5c39594f,happy/5c39594f_nohash_0.wav
unknown_0350_happy_6a203e0e.wav,happy,6a203e0e,happy/6a203e0e_nohash_0.wav
unknown_0351_happy_94403ad3.wav,happy,94403ad3,happy/94403ad3_nohash_0.wav
unknown_0352_happy_e20be42a.wav,happy,e20be42a,happy/e20be42a_nohash_0.wav
unknown_0353_happy_b0ae6326.wav,happy,b0ae6326,happy/b0ae6326_nohash_0.wav
unknown_0354_happy_87c62767.wav,happy,87c62767,happy/87c62767_nohash_0.wav
unknown_0355_happy_6aa8def4.wav,happy,6aa8def4,happy/6aa8def4_nohash_0.wav
unknown_0356_happy_19785c4e.wav,happy,19785c4e,happy/19785c4e_nohash_1.wav
unknown_0357_happy_332d33b1.wav,happy,332d33b1,happy/332d33b1_nohash_0.wav
unknown_0358_happy_1bb6ed89.wav,happy,1bb6ed89,happy/1bb6ed89_nohash_1.wav
unknown_0359_happy_feb1d305.wav,happy,feb1d305,happy/feb1d305_nohash_1.wav
unknown_0360_happy_27c24504.wav,happy,27c24504,happy/27c24504_nohash_0.wav
unknown_0361_happy_686d030b.wav,happy,686d030b,happy/686d030b_nohash_0.wav
unknown_0362_happy_54412eae.wav,happy,54412eae,happy/54412eae_nohash_0.wav
unknown_0363_happy_1df483c0.wav,happy,1df483c0,happy/1df483c0_nohash_0.wav
unknown_0364_happy_4254621e.wav,happy,4254621e,happy/4254621e_nohash_1.wav
unknown_0365_happy_5cf1ecce.wav,happy,5cf1ecce,happy/5cf1ecce_nohash_0.wav
unknown_0366_happy_333784b7.wav,happy,333784b7,happy/333784b7_nohash_0.wav
unknown_0367_happy_6640fdc0.wav,happy,6640fdc0,happy/6640fdc0_nohash_0.wav
unknown_0368_happy_3d53244b.wav,happy,3d53244b,happy/3d53244b_nohash_0.wav
unknown_0369_happy_19414a96.wav,happy,19414a96,happy/19414a96_nohash_0.wav
unknown_0370_happy_7211390b.wav,happy,7211390b,happy/7211390b_nohash_0.wav
unknown_0371_happy_c205e625.wav,happy,c205e625,happy/c205e625_nohash_2.wav
unknown_0372_happy_4634529e.wav,happy,4634529e,happy/4634529e_nohash_0.wav
unknown_0373_happy_772db621.wav,happy,772db621,happy/772db621_nohash_0.wav
unknown_0374_happy_c93d5e22.wav,happy,c93d5e22,happy/c93d5e22_nohash_0.wav
unknown_0375_happy_a996cf66.wav,happy,a996cf66,happy/a996cf66_nohash_0.wav
unknown_0376_happy_6a861f21.wav,happy,6a861f21,happy/6a861f21_nohash_1.wav
unknown_0377_happy_161fcca8.wav,happy,161fcca8,happy/161fcca8_nohash_0.wav
unknown_0378_house_b9515bf3.wav,house,b9515bf3,house/b9515bf3_nohash_0.wav
unknown_0379_house_9bea2ac7.wav,house,9bea2ac7,house/9bea2ac7_nohash_2.wav
unknown_0380_house_035de8fe.wav,house,035de8fe,house/035de8fe_nohash_0.wav
unknown_0381_house_7ff085e1.wav,house,7ff085e1,house/7ff085e1_nohash_2.wav
unknown_0382_house_f42e234b.wav,house,f42e234b,house/f42e234b_nohash_0.wav
unknown_0383_house_67fcdb05.wav,house,67fcdb05,house/67fcdb05_nohash_1.wav
unknown_0384_house_4e8c5516.wav,house,4e8c5516,house/4e8c5516_nohash_3.wav
unknown_0385_house_17cc40ee.wav,house,17cc40ee,house/17cc40ee_nohash_0.wav
unknown_0386_house_837f7378.wav,house,837f7378,house/837f7378_nohash_0.wav
unknown_0387_house_37b03ab1.wav,house,37b03ab1,house/37b03ab1_nohash_1.wav
unknown_0388_house_4422e51d.wav,house,4422e51d,house/4422e51d_nohash_0.wav
unknown_0389_house_9b02d503.wav,house,9b02d503,house/9b02d503_nohash_0.wav
unknown_0390_house_4407ba92.wav,house,4407ba92,house/4407ba92_nohash_0.wav
unknown_0391_house_4954abe8.wav,house,4954abe8,house/4954abe8_nohash_0.wav
unknown_0392_house_89f3ab7d.wav,house,89f3ab7d,house/89f3ab7d_nohash_2.wav
unknown_0393_house_fb727898.wav,house,fb727898,house/fb727898_nohash_0.wav
unknown_0394_house_81332c92.wav,house,81332c92,house/81332c92_nohash_0.wav
unknown_0395_house_9a4d12fd.wav,house,9a4d12fd,house/9a4d12fd_nohash_0.wav
unknown_0396_house_45adf84a.wav,house,45adf84a,house/45adf84a_nohash_0.wav
unknown_0397_house_96cd0255.wav,house,96cd0255,house/96cd0255_nohash_0.wav
unknown_0398_house_b25b6065.wav,house,b25b6065,house/b25b6065_nohash_1.wav
unknown_0399_house_ad6f7c10.wav,house,ad6f7c10,house/ad6f7c10_nohash_0.wav
unknown_0400_house_bc065a17.wav,house,bc065a17,house/bc065a17_nohash_0.wav
unknown_0401_house_1bb574f9.wav,house,1bb574f9,house/1bb574f9_nohash_2.wav
unknown_0402_house_89f3ab7d.wav,house,89f3ab7d,house/89f3ab7d_nohash_1.wav
unknown_0403_house_0819edb0.wav,house,0819edb0,house/0819edb0_nohash_1.wav
unknown_0404_house_1c1060b1.wav,house,1c1060b1,house/1c1060b1_nohash_0.wav
unknown_0405_house_3f45a0cf.wav,house,3f45a0cf,house/3f45a0cf_nohash_0.wav
unknown_0406_house_f9f9751d.wav,house,f9f9751d,house/f9f9751d_nohash_0.wav
unknown_0407_learn_676f8138.wav,learn,676f8138,learn/676f8138_nohash_4.wav
unknown_0408_learn_85c5eaa0.wav,learn,85c5eaa0,learn/85c5eaa0_nohash_0.wav
unknown_0409_learn_85851131.wav,learn,85851131,learn/85851131_nohash_3.wav
unknown_0410_learn_1dc86f91.wav,learn,1dc86f91,learn/1dc86f91_nohash_3.wav
unknown_0411_learn_5a5721f8.wav,learn,5a5721f8,learn/5a5721f8_nohash_2.wav
unknown_0412_learn_645ed69d.wav,learn,645ed69d,learn/645ed69d_nohash_0.wav
unknown_0413_learn_2aca1e72.wav,learn,2aca1e72,learn/2aca1e72_nohash_3.wav
unknown_0414_learn_cdee383b.wav,learn,cdee383b,learn/cdee383b_nohash_0.wav
unknown_0415_learn_3b3d2f59.wav,learn,3b3d2f59,learn/3b3d2f59_nohash_3.wav
unknown_0416_learn_62f05757.wav,learn,62f05757,learn/62f05757_nohash_0.wav
unknown_0417_learn_8b25410a.wav,learn,8b25410a,learn/8b25410a_nohash_2.wav
unknown_0418_learn_d394ef8e.wav,learn,d394ef8e,learn/d394ef8e_nohash_1.wav
unknown_0419_learn_cc4f9250.wav,learn,cc4f9250,learn/cc4f9250_nohash_3.wav
unknown_0420_learn_2e75d37a.wav,learn,2e75d37a,learn/2e75d37a_nohash_0.wav
unknown_0421_learn_f0659908.wav,learn,f0659908,learn/f0659908_nohash_3.wav
unknown_0422_learn_ec989d6d.wav,learn,ec989d6d,learn/ec989d6d_nohash_0.wav
unknown_0423_learn_833d9f56.wav,learn,833d9f56,learn/833d9f56_nohash_3.wav
unknown_0424_learn_d21fd169.wav,learn,d21fd169,learn/d21fd169_nohash_2.wav
unknown_0425_learn_ee1d8d49.wav,learn,ee1d8d49,learn/ee1d8d49_nohash_1.wav
unknown_0426_learn_0c09f202.wav,learn,0c09f202,learn/0c09f202_nohash_0.wav
unknown_0427_learn_d1dd03ed.wav,learn,d1dd03ed,learn/d1dd03ed_nohash_1.wav
unknown_0428_learn_65846c5f.wav,learn,65846c5f,learn/65846c5f_nohash_0.wav
unknown_0429_learn_1474273a.wav,learn,1474273a,learn/1474273a_nohash_0.wav
unknown_0430_learn_b4ea0d9a.wav,learn,b4ea0d9a,learn/b4ea0d9a_nohash_1.wav
unknown_0431_learn_645ed69d.wav,learn,645ed69d,learn/645ed69d_nohash_4.wav
unknown_0432_learn_98ea0818.wav,learn,98ea0818,learn/98ea0818_nohash_2.wav
unknown_0433_learn_a489191a.wav,learn,a489191a,learn/a489191a_nohash_0.wav
unknown_0434_learn_616420be.wav,learn,616420be,learn/616420be_nohash_1.wav
unknown_0435_learn_ff0e27c3.wav,learn,ff0e27c3,learn/ff0e27c3_nohash_0.wav
unknown_0436_left_15dd287d.wav,left,15dd287d,left/15dd287d_nohash_4.wav
unknown_0437_left_51055bda.wav,left,51055bda,left/51055bda_nohash_2.wav
unknown_0438_left_7e843da8.wav,left,7e843da8,left/7e843da8_nohash_0.wav
unknown_0439_left_f19d1738.wav,left,f19d1738,left/f19d1738_nohash_0.wav
unknown_0440_left_34263ab3.wav,left,34263ab3,left/34263ab3_nohash_0.wav
unknown_0441_left_69086eb0.wav,left,69086eb0,left/69086eb0_nohash_0.wav
unknown_0442_left_c2aeb59d.wav,left,c2aeb59d,left/c2aeb59d_nohash_0.wav
unknown_0443_left_ace072ba.wav,left,ace072ba,left/ace072ba_nohash_4.wav
unknown_0444_left_37b03ab1.wav,left,37b03ab1,left/37b03ab1_nohash_0.wav
unknown_0445_left_4995d875.wav,left,4995d875,left/4995d875_nohash_2.wav
unknown_0446_left_cb62dbf1.wav,left,cb62dbf1,left/cb62dbf1_nohash_0.wav
unknown_0447_left_2bdbe5f7.wav,left,2bdbe5f7,left/2bdbe5f7_nohash_2.wav
unknown_0448_left_02ade946.wav,left,02ade946,left/02ade946_nohash_1.wav
unknown_0449_left_a045368c.wav,left,a045368c,left/a045368c_nohash_1.wav
unknown_0450_left_83c9e7e6.wav,left,83c9e7e6,left/83c9e7e6_nohash_0.wav
unknown_0451_left_9448c397.wav,left,9448c397,left/9448c397_nohash_1.wav
unknown_0452_left_2f0ce4d9.wav,left,2f0ce4d9,left/2f0ce4d9_nohash_1.wav
unknown_0453_left_ab9b93e4.wav,left,ab9b93e4,left/ab9b93e4_nohash_3.wav
unknown_0454_left_f15a354c.wav,left,f15a354c,left/f15a354c_nohash_0.wav
unknown_0455_left_cd671b5f.wav,left,cd671b5f,left/cd671b5f_nohash_1.wav
unknown_0456_left_fc28c8d8.wav,left,fc28c8d8,left/fc28c8d8_nohash_0.wav
unknown_0457_left_fc3ba625.wav,left,fc3ba625,left/fc3ba625_nohash_0.wav
unknown_0458_left_2aca1e72.wav,left,2aca1e72,left/2aca1e72_nohash_0.wav
unknown_0459_left_ffd2ba2f.wav,left,ffd2ba2f,left/ffd2ba2f_nohash_2.wav
unknown_0460_left_271d51c0.wav,left,271d51c0,left/271d51c0_nohash_0.wav
unknown_0461_left_173ce2be.wav,left,173ce2be,left/173ce2be_nohash_0.wav
unknown_0462_left_31601aad.wav,left,31601aad,left/31601aad_nohash_0.wav
unknown_0463_left_dcc012ec.wav,left,dcc012ec,left/dcc012ec_nohash_1.wav
unknown_0464_left_92521ccc.wav,left,92521ccc,left/92521ccc_nohash_1.wav
unknown_0465_marvin_8281a2a8.wav,marvin,8281a2a8,marvin/8281a2a8_nohash_0.wav
unknown_0466_marvin_ab5b211a.wav,marvin,ab5b211a,marvin/ab5b211a_nohash_0.wav
unknown_0467_marvin_94e6864f.wav,marvin,94e6864f,marvin/94e6864f_nohash_1.wav
unknown_0468_marvin_778a4a01.wav,marvin,778a4a01,marvin/778a4a01_nohash_0.wav
unknown_0469_marvin_7d5f87c8.wav,marvin,7d5f87c8,marvin/7d5f87c8_nohash_0.wav
unknown_0470_marvin_1b88bf70.wav,marvin,1b88bf70,marvin/1b88bf70_nohash_2.wav
unknown_0471_marvin_5db0e146.wav,marvin,5db0e146,marvin/5db0e146_nohash_0.wav
unknown_0472_marvin_e9a76b2f.wav,marvin,e9a76b2f,marvin/e9a76b2f_nohash_0.wav
unknown_0473_marvin_3ab9ba07.wav,marvin,3ab9ba07,marvin/3ab9ba07_nohash_1.wav
unknown_0474_marvin_f3d06008.wav,marvin,f3d06008,marvin/f3d06008_nohash_0.wav
unknown_0475_marvin_380abbad.wav,marvin,380abbad,marvin/380abbad_nohash_1.wav
unknown_0476_marvin_4a803e67.wav,marvin,4a803e67,marvin/4a803e67_nohash_0.wav
unknown_0477_marvin_ee23b031.wav,marvin,ee23b031,marvin/ee23b031_nohash_0.wav
unknown_0478_marvin_460f2bad.wav,marvin,460f2bad,marvin/460f2bad_nohash_1.wav
unknown_0479_marvin_d1dd03ed.wav,marvin,d1dd03ed,marvin/d1dd03ed_nohash_0.wav
unknown_0480_marvin_434a267c.wav,marvin,434a267c,marvin/434a267c_nohash_2.wav
unknown_0481_marvin_87014d40.wav,marvin,87014d40,marvin/87014d40_nohash_1.wav
unknown_0482_marvin_da4ef063.wav,marvin,da4ef063,marvin/da4ef063_nohash_0.wav
unknown_0483_marvin_179a61b7.wav,marvin,179a61b7,marvin/179a61b7_nohash_0.wav
unknown_0484_marvin_b5aacf2c.wav,marvin,b5aacf2c,marvin/b5aacf2c_nohash_0.wav
unknown_0485_marvin_fc28c8d8.wav,marvin,fc28c8d8,marvin/fc28c8d8_nohash_3.wav
unknown_0486_marvin_08ab231c.wav,marvin,08ab231c,marvin/08ab231c_nohash_0.wav
unknown_0487_marvin_1995cf9e.wav,marvin,1995cf9e,marvin/1995cf9e_nohash_0.wav
unknown_0488_marvin_834f03fe.wav,marvin,834f03fe,marvin/834f03fe_nohash_0.wav
unknown_0489_marvin_824e8ce5.wav,marvin,824e8ce5,marvin/824e8ce5_nohash_0.wav
unknown_0490_marvin_d84829e0.wav,marvin,d84829e0,marvin/d84829e0_nohash_0.wav
unknown_0491_marvin_d5dd88da.wav,marvin,d5dd88da,marvin/d5dd88da_nohash_0.wav
unknown_0492_marvin_3477fab6.wav,marvin,3477fab6,marvin/3477fab6_nohash_0.wav
unknown_0493_marvin_a5609cce.wav,marvin,a5609cce,marvin/a5609cce_nohash_0.wav
unknown_0494_nine_676f8138.wav,nine,676f8138,nine/676f8138_nohash_1.wav
unknown_0495_nine_bf5d409d.wav,nine,bf5d409d,nine/bf5d409d_nohash_1.wav
unknown_0496_nine_6c968bd9.wav,nine,6c968bd9,nine/6c968bd9_nohash_2.wav
unknown_0497_nine_f2f0d244.wav,nine,f2f0d244,nine/f2f0d244_nohash_3.wav
unknown_0498_nine_24b82192.wav,nine,24b82192,nine/24b82192_nohash_2.wav
unknown_0499_nine_8536c82d.wav,nine,8536c82d,nine/8536c82d_nohash_0.wav
unknown_0500_nine_f035e2ea.wav,nine,f035e2ea,nine/f035e2ea_nohash_2.wav
unknown_0501_nine_36de13e1.wav,nine,36de13e1,nine/36de13e1_nohash_0.wav
unknown_0502_nine_5c39594f.wav,nine,5c39594f,nine/5c39594f_nohash_0.wav
unknown_0503_nine_0362539c.wav,nine,0362539c,nine/0362539c_nohash_0.wav
unknown_0504_nine_b29f8b23.wav,nine,b29f8b23,nine/b29f8b23_nohash_2.wav
unknown_0505_nine_2fcb6397.wav,nine,2fcb6397,nine/2fcb6397_nohash_3.wav
unknown_0506_nine_b8897f1c.wav,nine,b8897f1c,nine/b8897f1c_nohash_0.wav
unknown_0507_nine_5f5eef60.wav,nine,5f5eef60,nine/5f5eef60_nohash_3.wav
unknown_0508_nine_f42e234b.wav,nine,f42e234b,nine/f42e234b_nohash_1.wav
unknown_0509_nine_74241b28.wav,nine,74241b28,nine/74241b28_nohash_3.wav
unknown_0510_nine_7318280c.wav,nine,7318280c,nine/7318280c_nohash_1.wav
unknown_0511_nine_b5cf6ea8.wav,nine,b5cf6ea8,nine/b5cf6ea8_nohash_4.wav
unknown_0512_nine_39ec87ac.wav,nine,39ec87ac,nine/39ec87ac_nohash_1.wav
unknown_0513_nine_7211390b.wav,nine,7211390b,nine/7211390b_nohash_3.wav
unknown_0514_nine_0e6e36c9.wav,nine,0e6e36c9,nine/0e6e36c9_nohash_3.wav
unknown_0515_nine_821b64cc.wav,nine,821b64cc,nine/821b64cc_nohash_4.wav
unknown_0516_nine_94d370bf.wav,nine,94d370bf,nine/94d370bf_nohash_4.wav
unknown_0517_nine_72320401.wav,nine,72320401,nine/72320401_nohash_0.wav
unknown_0518_nine_81332c92.wav,nine,81332c92,nine/81332c92_nohash_0.wav
unknown_0519_nine_8e523821.wav,nine,8e523821,nine/8e523821_nohash_1.wav
unknown_0520_nine_61ab8fbc.wav,nine,61ab8fbc,nine/61ab8fbc_nohash_2.wav
unknown_0521_nine_cb2929ce.wav,nine,cb2929ce,nine/cb2929ce_nohash_0.wav
unknown_0522_nine_2748cce7.wav,nine,2748cce7,nine/2748cce7_nohash_0.wav
unknown_0523_no_578d3efb.wav,no,578d3efb,no/578d3efb_nohash_3.wav
unknown_0524_no_f01a0d63.wav,no,f01a0d63,no/f01a0d63_nohash_2.wav
unknown_0525_no_2fee065a.wav,no,2fee065a,no/2fee065a_nohash_0.wav
unknown_0526_no_173ae793.wav,no,173ae793,no/173ae793_nohash_0.wav
unknown_0527_no_f9273a21.wav,no,f9273a21,no/f9273a21_nohash_0.wav
unknown_0528_no_bfdb9801.wav,no,bfdb9801,no/bfdb9801_nohash_1.wav
unknown_0529_no_890e4ee2.wav,no,890e4ee2,no/890e4ee2_nohash_0.wav
unknown_0530_no_234d6a48.wav,no,234d6a48,no/234d6a48_nohash_1.wav
unknown_0531_no_f5341341.wav,no,f5341341,no/f5341341_nohash_0.wav
unknown_0532_no_c1e0e8e3.wav,no,c1e0e8e3,no/c1e0e8e3_nohash_0.wav
unknown_0533_no_5cf1ecce.wav,no,5cf1ecce,no/5cf1ecce_nohash_4.wav
unknown_0534_no_589bce2c.wav,no,589bce2c,no/589bce2c_nohash_0.wav
unknown_0535_no_70b0ccf4.wav,no,70b0ccf4,no/70b0ccf4_nohash_2.wav
unknown_0536_no_3efa7ec4.wav,no,3efa7ec4,no/3efa7ec4_nohash_0.wav
unknown_0537_no_187af8be.wav,no,187af8be,no/187af8be_nohash_0.wav
unknown_0538_no_8f4c551f.wav,no,8f4c551f,no/8f4c551f_nohash_1.wav
unknown_0539_no_1c50d874.wav,no,1c50d874,no/1c50d874_nohash_0.wav
unknown_0540_no_5ba724a7.wav,no,5ba724a7,no/5ba724a7_nohash_0.wav
unknown_0541_no_b65f6015.wav,no,b65f6015,no/b65f6015_nohash_0.wav
unknown_0542_no_f575faf3.wav,no,f575faf3,no/f575faf3_nohash_0.wav
unknown_0543_no_c25a032b.wav,no,c25a032b,no/c25a032b_nohash_1.wav
unknown_0544_no_833d9f56.wav,no,833d9f56,no/833d9f56_nohash_3.wav
unknown_0545_no_a5b24175.wav,no,a5b24175,no/a5b24175_nohash_0.wav
unknown_0546_no_4c3cddb8.wav,no,4c3cddb8,no/4c3cddb8_nohash_4.wav
unknown_0547_no_2bdbe5f7.wav,no,2bdbe5f7,no/2bdbe5f7_nohash_2.wav
unknown_0548_no_b43c8f2f.wav,no,b43c8f2f,no/b43c8f2f_nohash_1.wav
unknown_0549_no_a55105d0.wav,no,a55105d0,no/a55105d0_nohash_0.wav
unknown_0550_no_f953e1af.wav,no,f953e1af,no/f953e1af_nohash_2.wav
unknown_0551_no_64df20d8.wav,no,64df20d8,no/64df20d8_nohash_1.wav
unknown_0552_off_3e31dffe.wav,off,3e31dffe,off/3e31dffe_nohash_1.wav
unknown_0553_off_611d2b50.wav,off,611d2b50,off/611d2b50_nohash_0.wav
unknown_0554_off_9bea2ac7.wav,off,9bea2ac7,off/9bea2ac7_nohash_0.wav
unknown_0555_off_0ff728b5.wav,off,0ff728b5,off/0ff728b5_nohash_4.wav
unknown_0556_off_2589f361.wav,off,2589f361,off/2589f361_nohash_1.wav
unknown_0557_off_ab5b211a.wav,off,ab5b211a,off/ab5b211a_nohash_0.wav
unknown_0558_off_8a194ee6.wav,off,8a194ee6,off/8a194ee6_nohash_3.wav
unknown_0559_off_1b42b551.wav,off,1b42b551,off/1b42b551_nohash_1.wav
unknown_0560_off_845f8553.wav,off,845f8553,off/845f8553_nohash_2.wav
unknown_0561_off_64da5281.wav,off,64da5281,off/64da5281_nohash_0.wav
unknown_0562_off_6969e51a.wav,off,6969e51a,off/6969e51a_nohash_2.wav
unknown_0563_off_95fd5a0f.wav,off,95fd5a0f,off/95fd5a0f_nohash_0.wav
unknown_0564_off_0585b66d.wav,off,0585b66d,off/0585b66d_nohash_1.wav
unknown_0565_off_d3d8fcd0.wav,off,d3d8fcd0,off/d3d8fcd0_nohash_1.wav
unknown_0566_off_92a9c5e6.wav,off,92a9c5e6,off/92a9c5e6_nohash_3.wav
unknown_0567_off_bb6d4301.wav,off,bb6d4301,off/bb6d4301_nohash_4.wav
unknown_0568_off_4f2be90f.wav,off,4f2be90f,off/4f2be90f_nohash_0.wav
unknown_0569_off_d1dd03ed.wav,off,d1dd03ed,off/d1dd03ed_nohash_2.wav
unknown_0570_off_12529547.wav,off,12529547,off/12529547_nohash_0.wav
unknown_0571_off_f21893dc.wav,off,f21893dc,off/f21893dc_nohash_0.wav
unknown_0572_off_773e26f7.wav,off,773e26f7,off/773e26f7_nohash_0.wav
unknown_0573_off_bd2db1a5.wav,off,bd2db1a5,off/bd2db1a5_nohash_1.wav
unknown_0574_off_f45fcf9a.wav,off,f45fcf9a,off/f45fcf9a_nohash_1.wav
unknown_0575_off_a3fc7884.wav,off,a3fc7884,off/a3fc7884_nohash_0.wav
unknown_0576_off_89e59d18.wav,off,89e59d18,off/89e59d18_nohash_0.wav
unknown_0577_off_365908bd.wav,off,365908bd,off/365908bd_nohash_4.wav
unknown_0578_off_fd5ccd39.wav,off,fd5ccd39,off/fd5ccd39_nohash_2.wav
unknown_0579_off_fad7a69a.wav,off,fad7a69a,off/fad7a69a_nohash_0.wav
unknown_0580_off_f44f440f.wav,off,f44f440f,off/f44f440f_nohash_0.wav
unknown_0581_on_58df33b5.wav,on,58df33b5,on/58df33b5_nohash_1.wav
unknown_0582_on_25e95412.wav,on,25e95412,on/25e95412_nohash_3.wav
unknown_0583_on_7ea032f3.wav,on,7ea032f3,on/7ea032f3_nohash_1.wav
unknown_0584_on_b7a0754f.wav,on,b7a0754f,on/b7a0754f_nohash_0.wav
unknown_0585_on_6ac35824.wav,on,6ac35824,on/6ac35824_nohash_0.wav
unknown_0586_on_5ebc1cda.wav,on,5ebc1cda,on/5ebc1cda_nohash_3.wav
unknown_0587_on_e10e2cbb.wav,on,e10e2cbb,on/e10e2cbb_nohash_0.wav
unknown_0588_on_9b027ecf.wav,on,9b027ecf,on/9b027ecf_nohash_0.wav
unknown_0589_on_978240e1.wav,on,978240e1,on/978240e1_nohash_2.wav
unknown_0590_on_c0e8f5a1.wav,on,c0e8f5a1,on/c0e8f5a1_nohash_1.wav
unknown_0591_on_5a0bc987.wav,on,5a0bc987,on/5a0bc987_nohash_0.wav
unknown_0592_on_88120683.wav,on,88120683,on/88120683_nohash_0.wav
unknown_0593_on_b959cd0c.wav,on,b959cd0c,on/b959cd0c_nohash_0.wav
unknown_0594_on_3d53244b.wav,on,3d53244b,on/3d53244b_nohash_4.wav
unknown_0595_on_bbaa7946.wav,on,bbaa7946,on/bbaa7946_nohash_0.wav
unknown_0596_on_86fa2dcd.wav,on,86fa2dcd,on/86fa2dcd_nohash_1.wav
unknown_0597_on_61e50f62.wav,on,61e50f62,on/61e50f62_nohash_1.wav
unknown_0598_on_c245d3d7.wav,on,c245d3d7,on/c245d3d7_nohash_1.wav
unknown_0599_on_51055bda.wav,on,51055bda,on/51055bda_nohash_1.wav
unknown_0600_on_cc3b5b62.wav,on,cc3b5b62,on/cc3b5b62_nohash_0.wav
unknown_0601_on_69086eb0.wav,on,69086eb0,on/69086eb0_nohash_0.wav
unknown_0602_on_d1a17cbe.wav,on,d1a17cbe,on/d1a17cbe_nohash_0.wav
unknown_0603_on_d6b155a5.wav,on,d6b155a5,on/d6b155a5_nohash_1.wav
unknown_0604_on_af790082.wav,on,af790082,on/af790082_nohash_3.wav
unknown_0605_on_ab9b93e4.wav,on,ab9b93e4,on/ab9b93e4_nohash_3.wav
unknown_0606_on_67bdbf56.wav,on,67bdbf56,on/67bdbf56_nohash_1.wav
unknown_0607_on_e4be0cf6.wav,on,e4be0cf6,on/e4be0cf6_nohash_2.wav
unknown_0608_on_f15a354c.wav,on,f15a354c,on/f15a354c_nohash_1.wav
unknown_0609_one_bbf38549.wav,one,bbf38549,one/bbf38549_nohash_2.wav
unknown_0610_one_3209ec42.wav,one,3209ec42,one/3209ec42_nohash_0.wav
unknown_0611_one_9a3f97f8.wav,one,9a3f97f8,one/9a3f97f8_nohash_1.wav
unknown_0612_one_4cee0c60.wav,one,4cee0c60,one/4cee0c60_nohash_1.wav
unknown_0613_one_b5935410.wav,one,b5935410,one/b5935410_nohash_0.wav
unknown_0614_one_364f979f.wav,one,364f979f,one/364f979f_nohash_0.wav
unknown_0615_one_4e99c1b7.wav,one,4e99c1b7,one/4e99c1b7_nohash_0.wav
unknown_0616_one_229978fd.wav,one,229978fd,one/229978fd_nohash_2.wav
unknown_0617_one_3e3b65eb.wav,one,3e3b65eb,one/3e3b65eb_nohash_0.wav
unknown_0618_one_61e2f74f.wav,one,61e2f74f,one/61e2f74f_nohash_2.wav
unknown_0619_one_a62f807b.wav,one,a62f807b,one/a62f807b_nohash_0.wav
unknown_0620_one_42a99aec.wav,one,42a99aec,one/42a99aec_nohash_2.wav
unknown_0621_one_6f1ffef6.wav,one,6f1ffef6,one/6f1ffef6_nohash_0.wav
unknown_0622_one_15c563d7.wav,one,15c563d7,one/15c563d7_nohash_1.wav
unknown_0623_one_2be08ce4.wav,one,2be08ce4,one/2be08ce4_nohash_0.wav
unknown_0624_one_311fde72.wav,one,311fde72,one/311fde72_nohash_0.wav
unknown_0625_one_6ef407da.wav,one,6ef407da,one/6ef407da_nohash_3.wav
unknown_0626_one_d21fd169.wav,one,d21fd169,one/d21fd169_nohash_4.wav
unknown_0627_one_8e523821.wav,one,8e523821,one/8e523821_nohash_4.wav
unknown_0628_one_f550b7dc.wav,one,f550b7dc,one/f550b7dc_nohash_0.wav
unknown_0629_one_ece1a95a.wav,one,ece1a95a,one/ece1a95a_nohash_2.wav
unknown_0630_one_cc6ee39b.wav,one,cc6ee39b,one/cc6ee39b_nohash_2.wav
unknown_0631_one_b528edb3.wav,one,b528edb3,one/b528edb3_nohash_2.wav
unknown_0632_one_b8874962.wav,one,b8874962,one/b8874962_nohash_0.wav
unknown_0633_one_eaa83485.wav,one,eaa83485,one/eaa83485_nohash_1.wav
unknown_0634_one_94403ad3.wav,one,94403ad3,one/94403ad3_nohash_0.wav
unknown_0635_one_7c83c5f6.wav,one,7c83c5f6,one/7c83c5f6_nohash_3.wav
unknown_0636_one_a709ddd3.wav,one,a709ddd3,one/a709ddd3_nohash_0.wav
unknown_0637_right_ed032775.wav,right,ed032775,right/ed032775_nohash_0.wav
unknown_0638_right_9151f184.wav,right,9151f184,right/9151f184_nohash_3.wav
unknown_0639_right_62f05757.wav,right,62f05757,right/62f05757_nohash_3.wav
unknown_0640_right_5e033479.wav,right,5e033479,right/5e033479_nohash_0.wav
unknown_0641_right_050170cb.wav,right,050170cb,right/050170cb_nohash_3.wav
unknown_0642_right_41dce6f5.wav,right,41dce6f5,right/41dce6f5_nohash_0.wav
unknown_0643_right_8134f43f.wav,right,8134f43f,right/8134f43f_nohash_1.wav
unknown_0644_right_b4ea0d9a.wav,right,b4ea0d9a,right/b4ea0d9a_nohash_4.wav
unknown_0645_right_39a12648.wav,right,39a12648,right/39a12648_nohash_2.wav
unknown_0646_right_5fb88f4c.wav,right,5fb88f4c,right/5fb88f4c_nohash_0.wav
unknown_0647_right_9b02d503.wav,right,9b02d503,right/9b02d503_nohash_0.wav
unknown_0648_right_9886d8bf.wav,right,9886d8bf,right/9886d8bf_nohash_0.wav
unknown_0649_right_ffd2ba2f.wav,right,ffd2ba2f,right/ffd2ba2f_nohash_0.wav
unknown_0650_right_be0f2293.wav,right,be0f2293,right/be0f2293_nohash_0.wav
unknown_0651_right_d4dddb92.wav,right,d4dddb92,right/d4dddb92_nohash_0.wav
unknown_0652_right_113b3fbc.wav,right,113b3fbc,right/113b3fbc_nohash_1.wav
unknown_0653_right_cce7416f.wav,right,cce7416f,right/cce7416f_nohash_5.wav
unknown_0654_right_7211390b.wav,right,7211390b,right/7211390b_nohash_1.wav
unknown_0655_right_25132942.wav,right,25132942,right/25132942_nohash_1.wav
unknown_0656_right_b0bad4a9.wav,right,b0bad4a9,right/b0bad4a9_nohash_1.wav
unknown_0657_right_131e738d.wav,right,131e738d,right/131e738d_nohash_2.wav
unknown_0658_right_1970b130.wav,right,1970b130,right/1970b130_nohash_0.wav
unknown_0659_right_513aeddf.wav,right,513aeddf,right/513aeddf_nohash_2.wav
unknown_0660_right_17cc40ee.wav,right,17cc40ee,right/17cc40ee_nohash_0.wav
unknown_0661_right_74b73f88.wav,right,74b73f88,right/74b73f88_nohash_0.wav
unknown_0662_right_6fca237d.wav,right,6fca237d,right/6fca237d_nohash_0.wav
unknown_0663_right_d394ef8e.wav,right,d394ef8e,right/d394ef8e_nohash_1.wav
unknown_0664_right_332d33b1.wav,right,332d33b1,right/332d33b1_nohash_4.wav
unknown_0665_seven_651d108f.wav,seven,651d108f,seven/651d108f_nohash_0.wav
unknown_0666_seven_888a0c49.wav,seven,888a0c49,seven/888a0c49_nohash_0.wav
unknown_0667_seven_ed032775.wav,seven,ed032775,seven/ed032775_nohash_3.wav
unknown_0668_seven_23add12a.wav,seven,23add12a,seven/23add12a_nohash_0.wav
unknown_0669_seven_256c0a05.wav,seven,256c0a05,seven/256c0a05_nohash_2.wav
unknown_0670_seven_df1d5024.wav,seven,df1d5024,seven/df1d5024_nohash_2.wav
unknown_0671_seven_d1453a87.wav,seven,d1453a87,seven/d1453a87_nohash_1.wav
unknown_0672_seven_c9b653a0.wav,seven,c9b653a0,seven/c9b653a0_nohash_4.wav
unknown_0673_seven_22296dbe.wav,seven,22296dbe,seven/22296dbe_nohash_1.wav
unknown_0674_seven_9be15e93.wav,seven,9be15e93,seven/9be15e93_nohash_0.wav
unknown_0675_seven_e652590d.wav,seven,e652590d,seven/e652590d_nohash_0.wav
unknown_0676_seven_6565a81d.wav,seven,6565a81d,seven/6565a81d_nohash_3.wav
unknown_0677_seven_51055bda.wav,seven,51055bda,seven/51055bda_nohash_3.wav
unknown_0678_seven_9ce7a419.wav,seven,9ce7a419,seven/9ce7a419_nohash_0.wav
unknown_0679_seven_6cc28ce5.wav,seven,6cc28ce5,seven/6cc28ce5_nohash_1.wav
unknown_0680_seven_6cb6eee7.wav,seven,6cb6eee7,seven/6cb6eee7_nohash_2.wav
unknown_0681_seven_6c429c7b.wav,seven,6c429c7b,seven/6c429c7b_nohash_3.wav
unknown_0682_seven_1c84a139.wav,seven,1c84a139,seven/1c84a139_nohash_2.wav
unknown_0683_seven_878befa7.wav,seven,878befa7,seven/878befa7_nohash_0.wav
unknown_0684_seven_8134f43f.wav,seven,8134f43f,seven/8134f43f_nohash_3.wav
unknown_0685_seven_f852895b.wav,seven,f852895b,seven/f852895b_nohash_3.wav
unknown_0686_seven_6bf5baf3.wav,seven,6bf5baf3,seven/6bf5baf3_nohash_2.wav
unknown_0687_seven_46a153d8.wav,seven,46a153d8,seven/46a153d8_nohash_0.wav
unknown_0688_seven_5de8f2f0.wav,seven,5de8f2f0,seven/5de8f2f0_nohash_2.wav
unknown_0689_seven_63996b7c.wav,seven,63996b7c,seven/63996b7c_nohash_1.wav
unknown_0690_seven_4407ba92.wav,seven,4407ba92,seven/4407ba92_nohash_1.wav
unknown_0691_seven_b0f5b16d.wav,seven,b0f5b16d,seven/b0f5b16d_nohash_4.wav
unknown_0692_seven_2fee065a.wav,seven,2fee065a,seven/2fee065a_nohash_0.wav
unknown_0693_sheila_83c9e7e6.wav,sheila,83c9e7e6,sheila/83c9e7e6_nohash_0.wav
unknown_0694_sheila_d9b8fab2.wav,sheila,d9b8fab2,sheila/d9b8fab2_nohash_0.wav
unknown_0695_sheila_1d919a90.wav,sheila,1d919a90,sheila/1d919a90_nohash_0.wav
unknown_0696_sheila_5f9cd2eb.wav,sheila,5f9cd2eb,sheila/5f9cd2eb_nohash_0.wav
unknown_0697_sheila_6e8b9b7b.wav,sheila,6e8b9b7b,sheila/6e8b9b7b_nohash_1.wav
unknown_0698_sheila_9b5815cd.wav,sheila,9b5815cd,sheila/9b5815cd_nohash_4.wav
unknown_0699_sheila_e9abfe31.wav,sheila,e9abfe31,sheila/e9abfe31_nohash_0.wav
unknown_0700_sheila_73cccfaf.wav,sheila,73cccfaf,sheila/73cccfaf_nohash_1.wav
unknown_0701_sheila_f216055e.wav,sheila,f216055e,sheila/f216055e_nohash_1.wav
unknown_0702_sheila_fffcabd1.wav,sheila,fffcabd1,sheila/fffcabd1_nohash_0.wav
unknown_0703_sheila_5de8f2f0.wav,sheila,5de8f2f0,sheila/5de8f2f0_nohash_1.wav
unknown_0704_sheila_c0e8f5a1.wav,sheila,c0e8f5a1,sheila/c0e8f5a1_nohash_1.wav
unknown_0705_sheila_38c30a4a.wav,sheila,38c30a4a,sheila/38c30a4a_nohash_0.wav
unknown_0706_sheila_9b402bc2.wav,sheila,9b402bc2,sheila/9b402bc2_nohash_0.wav
unknown_0707_sheila_62ef962d.wav,sheila,62ef962d,sheila/62ef962d_nohash_0.wav
unknown_0708_sheila_8e69dc2f.wav,sheila,8e69dc2f,sheila/8e69dc2f_nohash_1.wav
unknown_0709_sheila_1474273a.wav,sheila,1474273a,sheila/1474273a_nohash_0.wav
unknown_0710_sheila_012187a4.wav,sheila,012187a4,sheila/012187a4_nohash_0.wav
unknown_0711_sheila_0616de09.wav,sheila,0616de09,sheila/0616de09_nohash_2.wav
unknown_0712_sheila_3c1e12cf.wav,sheila,3c1e12cf,sheila/3c1e12cf_nohash_1.wav
unknown_0713_sheila_69f609ec.wav,sheila,69f609ec,sheila/69f609ec_nohash_0.wav
unknown_0714_sheila_ace072ba.wav,sheila,ace072ba,sheila/ace072ba_nohash_0.wav
unknown_0715_sheila_ad340ed7.wav,sheila,ad340ed7,sheila/ad340ed7_nohash_0.wav
unknown_0716_sheila_c7aa72e6.wav,sheila,c7aa72e6,sheila/c7aa72e6_nohash_0.wav
unknown_0717_sheila_b575b5fb.wav,sheila,b575b5fb,sheila/b575b5fb_nohash_0.wav
unknown_0718_sheila_c6a23ff5.wav,sheila,c6a23ff5,sheila/c6a23ff5_nohash_0.wav
unknown_0719_sheila_d21fd169.wav,sheila,d21fd169,sheila/d21fd169_nohash_0.wav
unknown_0720_sheila_c50f55b8.wav,sheila,c50f55b8,sheila/c50f55b8_nohash_5.wav
unknown_0721_six_53fd1780.wav,six,53fd1780,six/53fd1780_nohash_0.wav
unknown_0722_six_0f7dc557.wav,six,0f7dc557,six/0f7dc557_nohash_0.wav
unknown_0723_six_106a6183.wav,six,106a6183,six/106a6183_nohash_2.wav
unknown_0724_six_508e30ee.wav,six,508e30ee,six/508e30ee_nohash_0.wav
unknown_0725_six_0b7ee1a0.wav,six,0b7ee1a0,six/0b7ee1a0_nohash_2.wav
unknown_0726_six_ed032775.wav,six,ed032775,six/ed032775_nohash_1.wav
unknown_0727_six_fbb2f6cc.wav,six,fbb2f6cc,six/fbb2f6cc_nohash_2.wav
unknown_0728_six_712e4d58.wav,six,712e4d58,six/712e4d58_nohash_1.wav
unknown_0729_six_08ab231c.wav,six,08ab231c,six/08ab231c_nohash_4.wav
unknown_0730_six_c39703ec.wav,six,c39703ec,six/c39703ec_nohash_3.wav
unknown_0731_six_413997c1.wav,six,413997c1,six/413997c1_nohash_0.wav
unknown_0732_six_3c257192.wav,six,3c257192,six/3c257192_nohash_1.wav
unknown_0733_six_3a70ab7f.wav,six,3a70ab7f,six/3a70ab7f_nohash_0.wav
unknown_0734_six_dea820ce.wav,six,dea820ce,six/dea820ce_nohash_1.wav
unknown_0735_six_bde0f20a.wav,six,bde0f20a,six/bde0f20a_nohash_1.wav
unknown_0736_six_91942e89.wav,six,91942e89,six/91942e89_nohash_0.wav
unknown_0737_six_333d7ddb.wav,six,333d7ddb,six/333d7ddb_nohash_5.wav
unknown_0738_six_8c3c4715.wav,six,8c3c4715,six/8c3c4715_nohash_0.wav
unknown_0739_six_15b0c947.wav,six,15b0c947,six/15b0c947_nohash_1.wav
unknown_0740_six_8012c69d.wav,six,8012c69d,six/8012c69d_nohash_1.wav
unknown_0741_six_3ee0fc39.wav,six,3ee0fc39,six/3ee0fc39_nohash_0.wav
unknown_0742_six_f8ba7c0e.wav,six,f8ba7c0e,six/f8ba7c0e_nohash_1.wav
unknown_0743_six_8b25410a.wav,six,8b25410a,six/8b25410a_nohash_2.wav
unknown_0744_six_953fe1ad.wav,six,953fe1ad,six/953fe1ad_nohash_1.wav
unknown_0745_six_937b433e.wav,six,937b433e,six/937b433e_nohash_0.wav
unknown_0746_six_0f46028a.wav,six,0f46028a,six/0f46028a_nohash_0.wav
unknown_0747_six_f736ab63.wav,six,f736ab63,six/f736ab63_nohash_2.wav
unknown_0748_six_e53139ad.wav,six,e53139ad,six/e53139ad_nohash_3.wav
unknown_0749_stop_f59d0771.wav,stop,f59d0771,stop/f59d0771_nohash_0.wav
unknown_0750_stop_71e6ab20.wav,stop,71e6ab20,stop/71e6ab20_nohash_2.wav
unknown_0751_stop_c8771f88.wav,stop,c8771f88,stop/c8771f88_nohash_0.wav
unknown_0752_stop_bdd22e4d.wav,stop,bdd22e4d,stop/bdd22e4d_nohash_1.wav
unknown_0753_stop_e0315cf6.wav,stop,e0315cf6,stop/e0315cf6_nohash_1.wav
unknown_0754_stop_017c4098.wav,stop,017c4098,stop/017c4098_nohash_1.wav
unknown_0755_stop_d3f22f0e.wav,stop,d3f22f0e,stop/d3f22f0e_nohash_0.wav
unknown_0756_stop_aff582a1.wav,stop,aff582a1,stop/aff582a1_nohash_3.wav
unknown_0757_stop_dea820ce.wav,stop,dea820ce,stop/dea820ce_nohash_2.wav
unknown_0758_stop_ec201020.wav,stop,ec201020,stop/ec201020_nohash_2.wav
unknown_0759_stop_197f4153.wav,stop,197f4153,stop/197f4153_nohash_1.wav
unknown_0760_stop_712e4d58.wav,stop,712e4d58,stop/712e4d58_nohash_2.wav
unknown_0761_stop_b8874962.wav,stop,b8874962,stop/b8874962_nohash_2.wav
unknown_0762_stop_eaa83485.wav,stop,eaa83485,stop/eaa83485_nohash_3.wav
unknown_0763_stop_9b8a7439.wav,stop,9b8a7439,stop/9b8a7439_nohash_0.wav
unknown_0764_stop_54b6d355.wav,stop,54b6d355,stop/54b6d355_nohash_2.wav
unknown_0765_stop_7f74626f.wav,stop,7f74626f,stop/7f74626f_nohash_2.wav
unknown_0766_stop_676f8138.wav,stop,676f8138,stop/676f8138_nohash_2.wav
unknown_0767_stop_106a6183.wav,stop,106a6183,stop/106a6183_nohash_3.wav
unknown_0768_stop_57376a4c.wav,stop,57376a4c,stop/57376a4c_nohash_1.wav
unknown_0769_stop_778a4a01.wav,stop,778a4a01,stop/778a4a01_nohash_0.wav
unknown_0770_stop_0d2bcf9d.wav,stop,0d2bcf9d,stop/0d2bcf9d_nohash_1.wav
unknown_0771_stop_4c3cddb8.wav,stop,4c3cddb8,stop/4c3cddb8_nohash_3.wav
unknown_0772_stop_c1d39ce8.wav,stop,c1d39ce8,stop/c1d39ce8_nohash_0.wav
unknown_0773_stop_15c563d7.wav,stop,15c563d7,stop/15c563d7_nohash_2.wav
unknown_0774_stop_9886d8bf.wav,stop,9886d8bf,stop/9886d8bf_nohash_4.wav
unknown_0775_stop_9e92ef0c.wav,stop,9e92ef0c,stop/9e92ef0c_nohash_2.wav
unknown_0776_stop_74241b28.wav,stop,74241b28,stop/74241b28_nohash_3.wav
unknown_0777_three_09ddc105.wav,three,09ddc105,three/09ddc105_nohash_0.wav
unknown_0778_three_42f81601.wav,three,42f81601,three/42f81601_nohash_1.wav
unknown_0779_three_03cf93b1.wav,three,03cf93b1,three/03cf93b1_nohash_0.wav
unknown_0780_three_1a673010.wav,three,1a673010,three/1a673010_nohash_0.wav
unknown_0781_three_a1cf7fd8.wav,three,a1cf7fd8,three/a1cf7fd8_nohash_0.wav
unknown_0782_three_8eb4a1bf.wav,three,8eb4a1bf,three/8eb4a1bf_nohash_2.wav
unknown_0783_three_c692524d.wav,three,c692524d,three/c692524d_nohash_0.wav
unknown_0784_three_030ec18b.wav,three,030ec18b,three/030ec18b_nohash_1.wav
unknown_0785_three_3589bc72.wav,three,3589bc72,three/3589bc72_nohash_1.wav
unknown_0786_three_037c445a.wav,three,037c445a,three/037c445a_nohash_0.wav
unknown_0787_three_eeaf97c3.wav,three,eeaf97c3,three/eeaf97c3_nohash_1.wav
unknown_0788_three_cc4f9250.wav,three,cc4f9250,three/cc4f9250_nohash_4.wav
unknown_0789_three_b72e58c9.wav,three,b72e58c9,three/b72e58c9_nohash_0.wav
unknown_0790_three_235b444f.wav,three,235b444f,three/235b444f_nohash_3.wav
unknown_0791_three_8c7c9168.wav,three,8c7c9168,three/8c7c9168_nohash_1.wav
unknown_0792_three_a16b3102.wav,three,a16b3102,three/a16b3102_nohash_0.wav
unknown_0793_three_151bfb79.wav,three,151bfb79,three/151bfb79_nohash_0.wav
unknown_0794_three_bf8d5617.wav,three,bf8d5617,three/bf8d5617_nohash_1.wav
unknown_0795_three_64df20d8.wav,three,64df20d8,three/64df20d8_nohash_1.wav
unknown_0796_three_f9318c93.wav,three,f9318c93,three/f9318c93_nohash_0.wav
unknown_0797_three_b29f8b23.wav,three,b29f8b23,three/b29f8b23_nohash_3.wav
unknown_0798_three_e269bac0.wav,three,e269bac0,three/e269bac0_nohash_1.wav
unknown_0799_three_e20be42a.wav,three,e20be42a,three/e20be42a_nohash_0.wav
unknown_0800_three_1a994c9f.wav,three,1a994c9f,three/1a994c9f_nohash_4.wav
unknown_0801_three_23abe1c9.wav,three,23abe1c9,three/23abe1c9_nohash_1.wav
unknown_0802_three_61abbf52.wav,three,61abbf52,three/61abbf52_nohash_2.wav
unknown_0803_three_29fb33da.wav,three,29fb33da,three/29fb33da_nohash_0.wav
unknown_0804_three_ec7d1151.wav,three,ec7d1151,three/ec7d1151_nohash_0.wav
unknown_0805_tree_a518d1cf.wav,tree,a518d1cf,tree/a518d1cf_nohash_0.wav
unknown_0806_tree_493392c6.wav,tree,493392c6,tree/493392c6_nohash_0.wav
unknown_0807_tree_e3e0f145.wav,tree,e3e0f145,tree/e3e0f145_nohash_0.wav
unknown_0808_tree_d98dd124.wav,tree,d98dd124,tree/d98dd124_nohash_0.wav
unknown_0809_tree_6e41a77e.wav,tree,6e41a77e,tree/6e41a77e_nohash_0.wav
unknown_0810_tree_96c66ab7.wav,tree,96c66ab7,tree/96c66ab7_nohash_0.wav
unknown_0811_tree_0f3f64d5.wav,tree,0f3f64d5,tree/0f3f64d5_nohash_1.wav
unknown_0812_tree_1851e33b.wav,tree,1851e33b,tree/1851e33b_nohash_0.wav
unknown_0813_tree_4995d875.wav,tree,4995d875,tree/4995d875_nohash_0.wav
unknown_0814_tree_638548d5.wav,tree,638548d5,tree/638548d5_nohash_0.wav
unknown_0815_tree_152491bc.wav,tree,152491bc,tree/152491bc_nohash_1.wav
unknown_0816_tree_acb9db68.wav,tree,acb9db68,tree/acb9db68_nohash_0.wav
unknown_0817_tree_feb1d305.wav,tree,feb1d305,tree/feb1d305_nohash_1.wav
unknown_0818_tree_b8872c20.wav,tree,b8872c20,tree/b8872c20_nohash_0.wav
unknown_0819_tree_66aa0f29.wav,tree,66aa0f29,tree/66aa0f29_nohash_1.wav
unknown_0820_tree_c08e5058.wav,tree,c08e5058,tree/c08e5058_nohash_0.wav
unknown_0821_tree_079d1020.wav,tree,079d1020,tree/079d1020_nohash_1.wav
unknown_0822_tree_9712cce0.wav,tree,9712cce0,tree/9712cce0_nohash_1.wav
unknown_0823_tree_7e6bd776.wav,tree,7e6bd776,tree/7e6bd776_nohash_0.wav
unknown_0824_tree_305776dd.wav,tree,305776dd,tree/305776dd_nohash_0.wav
unknown_0825_tree_0f7205ef.wav,tree,0f7205ef,tree/0f7205ef_nohash_0.wav
unknown_0826_tree_095847e4.wav,tree,095847e4,tree/095847e4_nohash_0.wav
unknown_0827_tree_41dce6f5.wav,tree,41dce6f5,tree/41dce6f5_nohash_0.wav
unknown_0828_tree_b4bef564.wav,tree,b4bef564,tree/b4bef564_nohash_0.wav
unknown_0829_tree_3c257192.wav,tree,3c257192,tree/3c257192_nohash_0.wav
unknown_0830_tree_b4aa9fef.wav,tree,b4aa9fef,tree/b4aa9fef_nohash_0.wav
unknown_0831_tree_94d370bf.wav,tree,94d370bf,tree/94d370bf_nohash_0.wav
unknown_0832_tree_33246bc2.wav,tree,33246bc2,tree/33246bc2_nohash_0.wav
unknown_0833_two_890cc926.wav,two,890cc926,two/890cc926_nohash_0.wav
unknown_0834_two_95299b6c.wav,two,95299b6c,two/95299b6c_nohash_0.wav
unknown_0835_two_08ab8082.wav,two,08ab8082,two/08ab8082_nohash_0.wav
unknown_0836_two_9e42ae25.wav,two,9e42ae25,two/9e42ae25_nohash_0.wav
unknown_0837_two_cce7416f.wav,two,cce7416f,two/cce7416f_nohash_4.wav
unknown_0838_two_6f2c6f7e.wav,two,6f2c6f7e,two/6f2c6f7e_nohash_0.wav
unknown_0839_two_cd3331a6.wav,two,cd3331a6,two/cd3331a6_nohash_0.wav
unknown_0840_two_e7ea8b76.wav,two,e7ea8b76,two/e7ea8b76_nohash_3.wav
unknown_0841_two_24a3e589.wav,two,24a3e589,two/24a3e589_nohash_3.wav
unknown_0842_two_3d53244b.wav,two,3d53244b,two/3d53244b_nohash_1.wav
unknown_0843_two_3e31dffe.wav,two,3e31dffe,two/3e31dffe_nohash_2.wav
unknown_0844_two_d926bb17.wav,two,d926bb17,two/d926bb17_nohash_1.wav
unknown_0845_two_39a12648.wav,two,39a12648,two/39a12648_nohash_2.wav
unknown_0846_two_5ebc1cda.wav,two,5ebc1cda,two/5ebc1cda_nohash_1.wav
unknown_0847_two_d6b155a5.wav,two,d6b155a5,two/d6b155a5_nohash_0.wav
unknown_0848_two_b66f4f93.wav,two,b66f4f93,two/b66f4f93_nohash_7.wav
unknown_0849_two_63ae15e4.wav,two,63ae15e4,two/63ae15e4_nohash_0.wav
unknown_0850_two_888a0c49.wav,two,888a0c49,two/888a0c49_nohash_2.wav
unknown_0851_two_96d5276f.wav,two,96d5276f,two/96d5276f_nohash_0.wav
unknown_0852_two_7f581e94.wav,two,7f581e94,two/7f581e94_nohash_0.wav
unknown_0853_two_190821dc.wav,two,190821dc,two/190821dc_nohash_0.wav
unknown_0854_two_25132942.wav,two,25132942,two/25132942_nohash_0.wav
unknown_0855_two_c5a1e46c.wav,two,c5a1e46c,two/c5a1e46c_nohash_1.wav
unknown_0856_two_15b0c947.wav,two,15b0c947,two/15b0c947_nohash_1.wav
unknown_0857_two_332d33b1.wav,two,332d33b1,two/332d33b1_nohash_1.wav
unknown_0858_two_8e05039f.wav,two,8e05039f,two/8e05039f_nohash_2.wav
unknown_0859_two_92b2bf59.wav,two,92b2bf59,two/92b2bf59_nohash_0.wav
unknown_0860_two_5f9cd2eb.wav,two,5f9cd2eb,two/5f9cd2eb_nohash_6.wav
unknown_0861_up_ab9b93e4.wav,up,ab9b93e4,up/ab9b93e4_nohash_3.wav
unknown_0862_up_96d8bb6f.wav,up,96d8bb6f,up/96d8bb6f_nohash_0.wav
unknown_0863_up_da5dadb9.wav,up,da5dadb9,up/da5dadb9_nohash_1.wav
unknown_0864_up_0ac15fe9.wav,up,0ac15fe9,up/0ac15fe9_nohash_0.wav
unknown_0865_up_00b01445.wav,up,00b01445,up/00b01445_nohash_1.wav
unknown_0866_up_197f4153.wav,up,197f4153,up/197f4153_nohash_1.wav
unknown_0867_up_2bfe70ef.wav,up,2bfe70ef,up/2bfe70ef_nohash_0.wav
unknown_0868_up_6aa8def4.wav,up,6aa8def4,up/6aa8def4_nohash_1.wav
unknown_0869_up_db72a474.wav,up,db72a474,up/db72a474_nohash_0.wav
unknown_0870_up_e4a2cf79.wav,up,e4a2cf79,up/e4a2cf79_nohash_3.wav
unknown_0871_up_3bfd30e6.wav,up,3bfd30e6,up/3bfd30e6_nohash_0.wav
unknown_0872_up_7de97453.wav,up,7de97453,up/7de97453_nohash_0.wav
unknown_0873_up_97101ef3.wav,up,97101ef3,up/97101ef3_nohash_0.wav
unknown_0874_up_54412eae.wav,up,54412eae,up/54412eae_nohash_0.wav
unknown_0875_up_518588b6.wav,up,518588b6,up/518588b6_nohash_0.wav
unknown_0876_up_e4be0cf6.wav,up,e4be0cf6,up/e4be0cf6_nohash_0.wav
unknown_0877_up_cc3b5b62.wav,up,cc3b5b62,up/cc3b5b62_nohash_1.wav
unknown_0878_up_f2f0d244.wav,up,f2f0d244,up/f2f0d244_nohash_0.wav
unknown_0879_up_5188de0d.wav,up,5188de0d,up/5188de0d_nohash_2.wav
unknown_0880_up_18e910f4.wav,up,18e910f4,up/18e910f4_nohash_3.wav
unknown_0881_up_a50a98d2.wav,up,a50a98d2,up/a50a98d2_nohash_1.wav
unknown_0882_up_2250f5f2.wav,up,2250f5f2,up/2250f5f2_nohash_0.wav
unknown_0883_up_645ed69d.wav,up,645ed69d,up/645ed69d_nohash_0.wav
unknown_0884_up_c1eebc0b.wav,up,c1eebc0b,up/c1eebc0b_nohash_0.wav
unknown_0885_up_cdee383b.wav,up,cdee383b,up/cdee383b_nohash_1.wav
unknown_0886_up_656e8bb3.wav,up,656e8bb3,up/656e8bb3_nohash_0.wav
unknown_0887_up_017c4098.wav,up,017c4098,up/017c4098_nohash_4.wav
unknown_0888_up_5b09db89.wav,up,5b09db89,up/5b09db89_nohash_1.wav
unknown_0889_visual_3a69f765.wav,visual,3a69f765,visual/3a69f765_nohash_3.wav
unknown_0890_visual_333d7ddb.wav,visual,333d7ddb,visual/333d7ddb_nohash_2.wav
unknown_0891_visual_1fc04a13.wav,visual,1fc04a13,visual/1fc04a13_nohash_1.wav
unknown_0892_visual_a05a90c1.wav,visual,a05a90c1,visual/a05a90c1_nohash_2.wav
unknown_0893_visual_9b02d503.wav,visual,9b02d503,visual/9b02d503_nohash_1.wav
unknown_0894_visual_ee1d8d49.wav,visual,ee1d8d49,visual/ee1d8d49_nohash_3.wav
unknown_0895_visual_d9aa8c90.wav,visual,d9aa8c90,visual/d9aa8c90_nohash_3.wav
unknown_0896_visual_b69002d4.wav,visual,b69002d4,visual/b69002d4_nohash_2.wav
unknown_0897_visual_0585b66d.wav,visual,0585b66d,visual/0585b66d_nohash_0.wav
unknown_0898_visual_7f9eb952.wav,visual,7f9eb952,visual/7f9eb952_nohash_0.wav
unknown_0899_visual_e9bc5cc2.wav,visual,e9bc5cc2,visual/e9bc5cc2_nohash_3.wav
unknown_0900_visual_29dce108.wav,visual,29dce108,visual/29dce108_nohash_1.wav
unknown_0901_visual_b308773d.wav,visual,b308773d,visual/b308773d_nohash_2.wav
unknown_0902_visual_1dc86f91.wav,visual,1dc86f91,visual/1dc86f91_nohash_3.wav
unknown_0903_visual_4b3a7ad5.wav,visual,4b3a7ad5,visual/4b3a7ad5_nohash_1.wav
unknown_0904_visual_6565a81d.wav,visual,6565a81d,visual/6565a81d_nohash_1.wav
unknown_0905_visual_57de2379.wav,visual,57de2379,visual/57de2379_nohash_0.wav
unknown_0906_visual_ff4ed4f3.wav,visual,ff4ed4f3,visual/ff4ed4f3_nohash_0.wav
unknown_0907_visual_5ebc1cda.wav,visual,5ebc1cda,visual/5ebc1cda_nohash_2.wav
unknown_0908_visual_195c120a.wav,visual,195c120a,visual/195c120a_nohash_3.wav
unknown_0909_visual_fb8c31a9.wav,visual,fb8c31a9,visual/fb8c31a9_nohash_1.wav
unknown_0910_visual_b5cf6ea8.wav,visual,b5cf6ea8,visual/b5cf6ea8_nohash_0.wav
unknown_0911_visual_ceef6d96.wav,visual,ceef6d96,visual/ceef6d96_nohash_3.wav
unknown_0912_visual_6ef407da.wav,visual,6ef407da,visual/6ef407da_nohash_3.wav
unknown_0913_visual_ed07d5b7.wav,visual,ed07d5b7,visual/ed07d5b7_nohash_1.wav
unknown_0914_visual_af6fbbf5.wav,visual,af6fbbf5,visual/af6fbbf5_nohash_0.wav
unknown_0915_visual_9a76f8c3.wav,visual,9a76f8c3,visual/9a76f8c3_nohash_2.wav
unknown_0916_visual_0585b66d.wav,visual,0585b66d,visual/0585b66d_nohash_4.wav
unknown_0917_wow_6a861f21.wav,wow,6a861f21,wow/6a861f21_nohash_1.wav
unknown_0918_wow_78102205.wav,wow,78102205,wow/78102205_nohash_2.wav
unknown_0919_wow_2f0a410b.wav,wow,2f0a410b,wow/2f0a410b_nohash_1.wav
unknown_0920_wow_1c3f4fac.wav,wow,1c3f4fac,wow/1c3f4fac_nohash_2.wav
unknown_0921_wow_8c888bbb.wav,wow,8c888bbb,wow/8c888bbb_nohash_0.wav
unknown_0922_wow_14872d06.wav,wow,14872d06,wow/14872d06_nohash_0.wav
unknown_0923_wow_bcdaa7a9.wav,wow,bcdaa7a9,wow/bcdaa7a9_nohash_0.wav
unknown_0924_wow_b00c4c53.wav,wow,b00c4c53,wow/b00c4c53_nohash_1.wav
unknown_0925_wow_b25b6065.wav,wow,b25b6065,wow/b25b6065_nohash_0.wav
unknown_0926_wow_e5afa9b0.wav,wow,e5afa9b0,wow/e5afa9b0_nohash_2.wav
unknown_0927_wow_64da5281.wav,wow,64da5281,wow/64da5281_nohash_1.wav
unknown_0928_wow_b1de039c.wav,wow,b1de039c,wow/b1de039c_nohash_0.wav
unknown_0929_wow_b65f6015.wav,wow,b65f6015,wow/b65f6015_nohash_2.wav
unknown_0930_wow_299c14b1.wav,wow,299c14b1,wow/299c14b1_nohash_0.wav
unknown_0931_wow_fa44fcf5.wav,wow,fa44fcf5,wow/fa44fcf5_nohash_0.wav
unknown_0932_wow_a0a8d759.wav,wow,a0a8d759,wow/a0a8d759_nohash_0.wav
unknown_0933_wow_6565a81d.wav,wow,6565a81d,wow/6565a81d_nohash_0.wav
unknown_0934_wow_a56859ea.wav,wow,a56859ea,wow/a56859ea_nohash_1.wav
unknown_0935_wow_c678e0b3.wav,wow,c678e0b3,wow/c678e0b3_nohash_0.wav
unknown_0936_wow_363c6bad.wav,wow,363c6bad,wow/363c6bad_nohash_0.wav
unknown_0937_wow_4a4e28f1.wav,wow,4a4e28f1,wow/4a4e28f1_nohash_0.wav
unknown_0938_wow_745a8e32.wav,wow,745a8e32,wow/745a8e32_nohash_0.wav
unknown_0939_wow_80768fa5.wav,wow,80768fa5,wow/80768fa5_nohash_0.wav
unknown_0940_wow_b29f8b23.wav,wow,b29f8b23,wow/b29f8b23_nohash_0.wav
unknown_0941_wow_3824c00e.wav,wow,3824c00e,wow/3824c00e_nohash_0.wav
unknown_0942_wow_e269bac0.wav,wow,e269bac0,wow/e269bac0_nohash_1.wav
unknown_0943_wow_5d4e3bb8.wav,wow,5d4e3bb8,wow/5d4e3bb8_nohash_0.wav
unknown_0944_wow_baeac2ba.wav,wow,baeac2ba,wow/baeac2ba_nohash_0.wav
unknown_0945_yes_09ddc105.wav,yes,09ddc105,yes/09ddc105_nohash_0.wav
unknown_0946_yes_b69fe0e2.wav,yes,b69fe0e2,yes/b69fe0e2_nohash_3.wav
unknown_0947_yes_85851131.wav,yes,85851131,yes/85851131_nohash_2.wav
unknown_0948_yes_042a8dde.wav,yes,042a8dde,yes/042a8dde_nohash_0.wav
unknown_0949_yes_042186b8.wav,yes,042186b8,yes/042186b8_nohash_1.wav
unknown_0950_yes_6e41a77e.wav,yes,6e41a77e,yes/6e41a77e_nohash_0.wav
unknown_0951_yes_3ce4910e.wav,yes,3ce4910e,yes/3ce4910e_nohash_2.wav
unknown_0952_yes_4d0d9906.wav,yes,4d0d9906,yes/4d0d9906_nohash_0.wav
unknown_0953_yes_9b027ecf.wav,yes,9b027ecf,yes/9b027ecf_nohash_1.wav
unknown_0954_yes_cc6ee39b.wav,yes,cc6ee39b,yes/cc6ee39b_nohash_4.wav
unknown_0955_yes_ea0cf37f.wav,yes,ea0cf37f,yes/ea0cf37f_nohash_2.wav
unknown_0956_yes_cdee383b.wav,yes,cdee383b,yes/cdee383b_nohash_2.wav
unknown_0957_yes_6565a81d.wav,yes,6565a81d,yes/6565a81d_nohash_2.wav
unknown_0958_yes_069ab0d5.wav,yes,069ab0d5,yes/069ab0d5_nohash_0.wav
unknown_0959_yes_cb2929ce.wav,yes,cb2929ce,yes/cb2929ce_nohash_0.wav
unknown_0960_yes_96de5e7f.wav,yes,96de5e7f,yes/96de5e7f_nohash_0.wav
unknown_0961_yes_da040491.wav,yes,da040491,yes/da040491_nohash_4.wav
unknown_0962_yes_06a79a03.wav,yes,06a79a03,yes/06a79a03_nohash_0.wav
unknown_0963_yes_c79159aa.wav,yes,c79159aa,yes/c79159aa_nohash_0.wav
unknown_0964_yes_508e30ee.wav,yes,508e30ee,yes/508e30ee_nohash_1.wav
unknown_0965_yes_499be02e.wav,yes,499be02e,yes/499be02e_nohash_2.wav
unknown_0966_yes_17f0e206.wav,yes,17f0e206,yes/17f0e206_nohash_0.wav
unknown_0967_yes_0b7ee1a0.wav,yes,0b7ee1a0,yes/0b7ee1a0_nohash_2.wav
unknown_0968_yes_bbd0bbd0.wav,yes,bbd0bbd0,yes/bbd0bbd0_nohash_1.wav
unknown_0969_yes_61e2f74f.wav,yes,61e2f74f,yes/61e2f74f_nohash_1.wav
unknown_0970_yes_763188c4.wav,yes,763188c4,yes/763188c4_nohash_1.wav
unknown_0971_yes_4e8c5516.wav,yes,4e8c5516,yes/4e8c5516_nohash_1.wav
unknown_0972_yes_3a7d8872.wav,yes,3a7d8872,yes/3a7d8872_nohash_0.wav
unknown_0973_zero_18c54a68.wav,zero,18c54a68,zero/18c54a68_nohash_3.wav
unknown_0974_zero_ffbb695d.wav,zero,ffbb695d,zero/ffbb695d_nohash_0.wav
unknown_0975_zero_472b8045.wav,zero,472b8045,zero/472b8045_nohash_0.wav
unknown_0976_zero_5a98d407.wav,zero,5a98d407,zero/5a98d407_nohash_4.wav
unknown_0977_zero_11860c84.wav,zero,11860c84,zero/11860c84_nohash_3.wav
unknown_0978_zero_ab46af55.wav,zero,ab46af55,zero/ab46af55_nohash_3.wav
unknown_0979_zero_f5733968.wav,zero,f5733968,zero/f5733968_nohash_2.wav
unknown_0980_zero_c120e80e.wav,zero,c120e80e,zero/c120e80e_nohash_6.wav
unknown_0981_zero_57152045.wav,zero,57152045,zero/57152045_nohash_0.wav
unknown_0982_zero_b9db6e42.wav,zero,b9db6e42,zero/b9db6e42_nohash_0.wav
unknown_0983_zero_7e6bd776.wav,zero,7e6bd776,zero/7e6bd776_nohash_0.wav
unknown_0984_zero_bd76a7fd.wav,zero,bd76a7fd,zero/bd76a7fd_nohash_1.wav
unknown_0985_zero_a929f9b9.wav,zero,a929f9b9,zero/a929f9b9_nohash_0.wav
unknown_0986_zero_1995cf9e.wav,zero,1995cf9e,zero/1995cf9e_nohash_0.wav
unknown_0987_zero_1746d7b6.wav,zero,1746d7b6,zero/1746d7b6_nohash_0.wav
unknown_0988_zero_e4200516.wav,zero,e4200516,zero/e4200516_nohash_0.wav
unknown_0989_zero_333d7ddb.wav,zero,333d7ddb,zero/333d7ddb_nohash_4.wav
unknown_0990_zero_ff4ed4f3.wav,zero,ff4ed4f3,zero/ff4ed4f3_nohash_2.wav
unknown_0991_zero_34805883.wav,zero,34805883,zero/34805883_nohash_0.wav
unknown_0992_zero_333784b7.wav,zero,333784b7,zero/333784b7_nohash_4.wav
unknown_0993_zero_5cf1ecce.wav,zero,5cf1ecce,zero/5cf1ecce_nohash_1.wav
unknown_0994_zero_6c968bd9.wav,zero,6c968bd9,zero/6c968bd9_nohash_3.wav
unknown_0995_zero_035de8fe.wav,zero,035de8fe,zero/035de8fe_nohash_0.wav
unknown_0996_zero_d278d8ef.wav,zero,d278d8ef,zero/d278d8ef_nohash_4.wav
unknown_0997_zero_77655bdf.wav,zero,77655bdf,zero/77655bdf_nohash_0.wav
unknown_0998_zero_6a861f21.wav,zero,6a861f21,zero/6a861f21_nohash_0.wav
unknown_0999_zero_98447c43.wav,zero,98447c43,zero/98447c43_nohash_0.wav
unknown_1000_zero_035de8fe.wav,zero,035de8fe,zero/035de8fe_nohash_1.wav