id,participant_id,storage_path,note_type,sequence_number,duration_ms,created_at,variation_tag
00e778a1-238b-49d0-a468-d1f9d0dd2465,943069ad-2757-493d-8f94-d7a295137152,943069ad-2757-493d-8f94-d7a295137152/mandatory/5.webm,mandatory,5,3001,2026-09-10 09:29:08.809795+00,distance
02a5563c-ca27-4fe4-985c-14f998bbc7a4,f1db29b4-a8a1-4283-9397-0d352085da47,f1db29b4-a8a1-4283-9397-0d352085da47/mandatory/5.webm,mandatory,5,900,2026-09-08 15:08:10.713657+00,distance
030909b4-bb34-4988-91d2-04e4ff71398c,47f64db2-16aa-4904-94c9-bab3f0095a28,47f64db2-16aa-4904-94c9-bab3f0095a28/mandatory/5.webm,mandatory,5,3001,2026-09-06 10:00:11.944172+00,distance
04054263-8afd-4b7a-b158-48ffcb5adfff,aa91f7e3-e010-44eb-89ae-877dae296ad8,aa91f7e3-e010-44eb-89ae-877dae296ad8/mandatory/1.webm,mandatory,1,3007,2026-09-10 12:14:51.948361+00,normal
050dd36a-4043-4fd4-9403-9d86fc84a990,e9681e48-c642-4a2c-a9b5-7b40b7e261fd,e9681e48-c642-4a2c-a9b5-7b40b7e261fd/mandatory/1.webm,mandatory,1,3001,2026-09-08 14:45:33.732636+00,normal
0632654c-a6b3-4011-8339-ecb00366a781,1c231685-30ef-4e9a-a881-ed8b63c6f1b6,1c231685-30ef-4e9a-a881-ed8b63c6f1b6/mandatory/2.webm,mandatory,2,3001,2026-09-06 10:00:10.635746+00,faster
077e771b-6f7f-450d-a17a-fb0d67960375,2c214cfb-1bf1-4660-b74b-d804bbfc73d4,2c214cfb-1bf1-4660-b74b-d804bbfc73d4/mandatory/4.webm,mandatory,4,3001,2026-09-07 07:15:35.117737+00,intonation
0baaab52-37e5-4907-98c3-7e3b63d02709,054b38c0-8e14-4bd8-a649-2e2c5f3d389e,054b38c0-8e14-4bd8-a649-2e2c5f3d389e/mandatory/2.webm,mandatory,2,3007,2026-09-08 15:07:34.241724+00,faster
0bf2b87c-3cca-4737-b038-a8322b3726dc,2c214cfb-1bf1-4660-b74b-d804bbfc73d4,2c214cfb-1bf1-4660-b74b-d804bbfc73d4/optional/6.webm,optional,6,3001,2026-09-07 07:16:03.787112+00,normal
0cc89194-e2aa-4fa5-a981-1a9b9fdca94a,84afd2ff-e690-4c06-bb79-c71ad42e6d62,84afd2ff-e690-4c06-bb79-c71ad42e6d62/mandatory/5.webm,mandatory,5,3001,2026-09-07 05:46:39.018444+00,distance
0d6e5c05-432d-4db7-a281-d7afbaade1a7,d9fa7fff-de38-4adc-b1e3-c27fa4626dfa,d9fa7fff-de38-4adc-b1e3-c27fa4626dfa/mandatory/3.webm,mandatory,3,2300,2026-09-06 09:18:40.064894+00,slower
0d7cb628-3f57-48c8-a6c0-9ea5cbd69242,2b017ac3-bbec-4db3-8402-8f942b24becd,2b017ac3-bbec-4db3-8402-8f942b24becd/mandatory/2.webm,mandatory,2,3001,2026-09-06 11:21:24.709107+00,faster
0d8b1d6e-6369-4a69-9625-c1a01a31056f,d9fa7fff-de38-4adc-b1e3-c27fa4626dfa,d9fa7fff-de38-4adc-b1e3-c27fa4626dfa/mandatory/1.webm,mandatory,1,2301,2026-09-06 09:18:23.991057+00,normal
0f0af823-8980-4691-bd28-b3a82bb45666,fb6349b1-d747-4268-8dea-5cfe36aa12bf,fb6349b1-d747-4268-8dea-5cfe36aa12bf/mandatory/2.webm,mandatory,2,1000,2026-09-06 17:43:09.844136+00,faster
0f4e196a-fac3-4cbc-80f4-70d262746a75,8e25f738-67de-47c3-8986-885244e13042,8e25f738-67de-47c3-8986-885244e13042/mandatory/2.webm,mandatory,2,3000,2026-09-10 09:42:55.131909+00,faster
10847922-bdc1-41f3-89d3-6dbc904ce14d,baa8bfbe-be1f-4849-a601-67812dfe2775,baa8bfbe-be1f-4849-a601-67812dfe2775/mandatory/2.webm,mandatory,2,3005,2026-09-07 11:17:47.749886+00,faster
11238f6c-52da-43fb-a2f2-4ab4fdcef9e3,ddd732c0-fb06-4989-a4ff-e9664d7a7087,ddd732c0-fb06-4989-a4ff-e9664d7a7087/mandatory/3.webm,mandatory,3,3008,2026-09-07 07:20:23.264327+00,slower
1233e331-12a3-4b71-a6f4-049ab8a8c8b7,5c7cdde9-cf25-498a-ab50-de7df5780c4a,5c7cdde9-cf25-498a-ab50-de7df5780c4a/mandatory/4.webm,mandatory,4,3001,2026-09-10 10:06:50.899115+00,intonation
15b344ac-b02e-4bf3-a4d8-06d9c0b405ec,52499bbe-68bc-4e40-86d7-6121e9dfeb24,52499bbe-68bc-4e40-86d7-6121e9dfeb24/mandatory/1.webm,mandatory,1,3001,2026-09-11 14:28:09.0641+00,normal
16bfd622-14dd-401c-876b-c2d7e5841b55,5c7cdde9-cf25-498a-ab50-de7df5780c4a,5c7cdde9-cf25-498a-ab50-de7df5780c4a/mandatory/3.webm,mandatory,3,3002,2026-09-10 10:06:41.792384+00,slower
1754ff0e-4b79-458f-9d4b-34590340b9d4,73b51835-9a81-46f6-968e-6d3f2d58a323,73b51835-9a81-46f6-968e-6d3f2d58a323/mandatory/1.webm,mandatory,1,3005,2026-09-10 09:46:15.302107+00,normal
176d37a6-3014-4d1e-b862-45c535f858dc,e9681e48-c642-4a2c-a9b5-7b40b7e261fd,e9681e48-c642-4a2c-a9b5-7b40b7e261fd/mandatory/4.webm,mandatory,4,3001,2026-09-08 14:46:04.241482+00,intonation
1932d4f7-8c9c-4b25-84d6-d64ef2f83a99,da3b85a1-387b-40d5-a8af-ce10db3ac2c8,da3b85a1-387b-40d5-a8af-ce10db3ac2c8/mandatory/1.webm,mandatory,1,3001,2026-09-07 16:19:23.269997+00,normal
19e18651-e694-4dfc-97c8-7654b952bb8a,efc91795-fdcf-4347-b99e-efaf84c2f9be,efc91795-fdcf-4347-b99e-efaf84c2f9be/mandatory/3.webm,mandatory,3,2903,2026-09-10 09:42:44.17217+00,slower
1bc332ad-4423-430d-b9db-b077f6054a27,943069ad-2757-493d-8f94-d7a295137152,943069ad-2757-493d-8f94-d7a295137152/mandatory/3.webm,mandatory,3,3001,2026-09-10 09:28:49.313611+00,slower
1c3b0a15-861f-400b-96ed-0fa7dd5012be,2a24ad90-f292-4321-9baf-081583734e42,2a24ad90-f292-4321-9baf-081583734e42/mandatory/1.webm,mandatory,1,3001,2026-09-10 09:45:52.521512+00,normal
1c7e2a56-c279-405d-9ff4-3c8a68ccd58a,aca6354d-db66-444b-b95a-b2e6df9361ef,aca6354d-db66-444b-b95a-b2e6df9361ef/mandatory/3.webm,mandatory,3,3004,2026-09-10 09:37:49.844223+00,slower
1c87a2ae-61b4-4d11-9a48-f36732a2ed5c,52499bbe-68bc-4e40-86d7-6121e9dfeb24,52499bbe-68bc-4e40-86d7-6121e9dfeb24/optional/10.webm,optional,10,1700,2026-09-11 14:29:33.841127+00,distance
1db6a896-1cb8-4a74-b634-bd1259d74739,d9fa7fff-de38-4adc-b1e3-c27fa4626dfa,d9fa7fff-de38-4adc-b1e3-c27fa4626dfa/mandatory/5.webm,mandatory,5,3001,2026-09-06 09:18:56.31286+00,distance
1f18720c-ffe6-4750-bd9b-57bc9010a0a7,5da6fe17-5ed0-43eb-bb94-8a61cc1c37f1,5da6fe17-5ed0-43eb-bb94-8a61cc1c37f1/mandatory/5.webm,mandatory,5,3001,2026-09-06 09:42:17.745444+00,distance
1fadf406-d1d6-4d52-a825-77a747eb2045,7cc1acbc-ea8b-40e5-b702-94a9e42f38b6,7cc1acbc-ea8b-40e5-b702-94a9e42f38b6/mandatory/2.webm,mandatory,2,3028,2026-09-08 15:32:04.892721+00,faster
2069e07b-ec77-41ec-a150-ad3637653410,59fc98bd-455d-4d34-aa61-a1344cdff1e1,59fc98bd-455d-4d34-aa61-a1344cdff1e1/mandatory/2.webm,mandatory,2,1501,2026-09-06 07:48:45.858775+00,faster
211e9a00-3b3c-4e25-837e-140e69c11377,fb6349b1-d747-4268-8dea-5cfe36aa12bf,fb6349b1-d747-4268-8dea-5cfe36aa12bf/mandatory/3.webm,mandatory,3,700,2026-09-06 17:43:15.550554+00,slower
22369de0-9019-4cb9-af95-80aecc4deebf,aa91f7e3-e010-44eb-89ae-877dae296ad8,aa91f7e3-e010-44eb-89ae-877dae296ad8/mandatory/2.webm,mandatory,2,3004,2026-09-10 12:15:07.205317+00,faster
22bafa48-0e35-40c3-8d61-f0c4aa8d6cde,054b38c0-8e14-4bd8-a649-2e2c5f3d389e,054b38c0-8e14-4bd8-a649-2e2c5f3d389e/mandatory/5.webm,mandatory,5,3003,2026-09-08 15:08:04.482881+00,distance
2437f4f1-e594-40e8-9dcb-bec721bfeee5,943069ad-2757-493d-8f94-d7a295137152,943069ad-2757-493d-8f94-d7a295137152/mandatory/1.webm,mandatory,1,3001,2026-09-10 09:28:24.591742+00,normal
25007fcf-06e1-45a3-9c01-bc64f422cdd6,4234fb4d-064c-484d-88aa-ef5be9c7eabf,4234fb4d-064c-484d-88aa-ef5be9c7eabf/mandatory/2.webm,mandatory,2,3001,2026-09-08 15:52:10.49418+00,faster
2534b1c6-9f48-4554-80af-90ad6ef21ef5,5da6fe17-5ed0-43eb-bb94-8a61cc1c37f1,5da6fe17-5ed0-43eb-bb94-8a61cc1c37f1/mandatory/2.webm,mandatory,2,3001,2026-09-06 09:41:43.543875+00,faster
27e4a9c0-2315-4032-a5ce-a7b6046d687a,2c574cb7-1d2b-440f-bf2f-6428bfe6bd07,2c574cb7-1d2b-440f-bf2f-6428bfe6bd07/optional/9.webm,optional,9,3000,2026-09-07 11:11:22.673962+00,intonation
28aebd55-cb0f-44a5-b262-02017ab88c0e,2a24ad90-f292-4321-9baf-081583734e42,2a24ad90-f292-4321-9baf-081583734e42/mandatory/3.webm,mandatory,3,3001,2026-09-10 09:46:16.637759+00,slower
29b4aaa4-01be-4436-ad33-8b17d5fc4506,2c574cb7-1d2b-440f-bf2f-6428bfe6bd07,2c574cb7-1d2b-440f-bf2f-6428bfe6bd07/optional/8.webm,optional,8,3001,2026-09-07 11:11:14.354234+00,slower
2b732a3e-8f77-46d3-9b6e-8a680c717868,5f0eb8c8-fe43-4ff6-b10e-1df8cd35c7a0,5f0eb8c8-fe43-4ff6-b10e-1df8cd35c7a0/mandatory/3.webm,mandatory,3,3001,2026-09-07 05:05:49.210643+00,slower
30f5f5e2-8959-47d1-bc5a-bcc5de660a69,73b51835-9a81-46f6-968e-6d3f2d58a323,73b51835-9a81-46f6-968e-6d3f2d58a323/mandatory/2.webm,mandatory,2,3005,2026-09-10 09:46:27.823037+00,faster
3129ad0f-5ad1-4846-b189-2f5e497941e1,2d80737c-f830-4ec6-9dfe-a6fcc805d9ee,2d80737c-f830-4ec6-9dfe-a6fcc805d9ee/mandatory/5.webm,mandatory,5,3001,2026-09-08 14:28:48.24539+00,distance
31c83cae-4eb8-4453-9d19-59632c3b6602,2a69429e-6de8-4410-8267-e2185fe3809f,2a69429e-6de8-4410-8267-e2185fe3809f/mandatory/4.webm,mandatory,4,3000,2026-09-07 16:14:02.510629+00,intonation
33a781ca-4c25-4747-b636-83a3d03c96d9,81fdbf2e-3612-4678-bf20-f0113528505c,81fdbf2e-3612-4678-bf20-f0113528505c/mandatory/3.webm,mandatory,3,3000,2026-09-06 09:14:10.835744+00,slower
33e5a41a-2eb6-401e-a5c0-52c2d04db31e,828d3a9d-f15f-4c88-ae48-ba0ba0a5e403,828d3a9d-f15f-4c88-ae48-ba0ba0a5e403/mandatory/1.webm,mandatory,1,3001,2026-09-10 09:54:45.914504+00,normal
33fcda2d-ddd9-44d4-98b7-5de140ad0357,02c153b8-8fb9-4528-8158-8049e257db88,02c153b8-8fb9-4528-8158-8049e257db88/mandatory/2.webm,mandatory,2,3006,2026-09-06 10:32:04.753528+00,faster
34e31bc2-79b6-4d91-b5ff-cd1c862e2e14,5c7cdde9-cf25-498a-ab50-de7df5780c4a,5c7cdde9-cf25-498a-ab50-de7df5780c4a/mandatory/5.webm,mandatory,5,806,2026-09-10 10:06:58.86574+00,distance
34e75c64-4cb5-4b60-8f90-21d6f78cf3b6,2c574cb7-1d2b-440f-bf2f-6428bfe6bd07,2c574cb7-1d2b-440f-bf2f-6428bfe6bd07/optional/7.webm,optional,7,3001,2026-09-07 11:11:05.627601+00,faster
35749e29-bf9e-4515-a759-b0d4c62b6302,15c65680-cfe5-44e4-ac9b-f8ccd940653d,15c65680-cfe5-44e4-ac9b-f8ccd940653d/mandatory/1.webm,mandatory,1,3000,2026-09-06 18:07:55.814963+00,normal
35e87ea9-5f84-4d2a-ac12-2a292fce4705,2c214cfb-1bf1-4660-b74b-d804bbfc73d4,2c214cfb-1bf1-4660-b74b-d804bbfc73d4/optional/9.webm,optional,9,3001,2026-09-07 07:16:36.004437+00,intonation
373ad054-269c-4a1f-a768-d9fefdf405cf,f5f4bb28-973c-4278-9967-38fb81c6a050,f5f4bb28-973c-4278-9967-38fb81c6a050/mandatory/3.webm,mandatory,3,3077,2026-09-08 22:47:43.891715+00,slower
37414032-8fb9-494d-842a-c5b72707499f,a72f7105-fc67-43ec-a806-af62c41d9f20,a72f7105-fc67-43ec-a806-af62c41d9f20/optional/6.webm,optional,6,3047,2026-09-09 05:09:52.327044+00,normal
3aed2b1b-0f95-4f35-86d5-383617e4ab7c,64de123c-53a4-4059-957c-92bf29ac468b,64de123c-53a4-4059-957c-92bf29ac468b/mandatory/4.webm,mandatory,4,3001,2026-09-06 08:59:12.959056+00,intonation
3b20ceaa-3123-4321-97f9-f02f77713efc,2a69429e-6de8-4410-8267-e2185fe3809f,2a69429e-6de8-4410-8267-e2185fe3809f/mandatory/3.webm,mandatory,3,3001,2026-09-07 16:13:50.075866+00,slower
3b302a9d-88d2-4d0f-9a10-d99b75c2d432,054b38c0-8e14-4bd8-a649-2e2c5f3d389e,054b38c0-8e14-4bd8-a649-2e2c5f3d389e/mandatory/3.webm,mandatory,3,3000,2026-09-08 15:07:43.949983+00,slower
3b47af09-8154-40c2-85af-a3e5f53c92d0,b8182b31-0f99-41c5-97f4-696b7febf1ab,b8182b31-0f99-41c5-97f4-696b7febf1ab/mandatory/3.webm,mandatory,3,3001,2026-09-10 09:32:47.298993+00,slower
3b5adf49-a07a-4c4c-8cc0-514be6792f29,f5f4bb28-973c-4278-9967-38fb81c6a050,f5f4bb28-973c-4278-9967-38fb81c6a050/mandatory/5.webm,mandatory,5,3067,2026-09-08 22:48:07.011503+00,distance
3bb8f8bf-a3b1-42cb-a3c0-72d2462f7e84,47f64db2-16aa-4904-94c9-bab3f0095a28,47f64db2-16aa-4904-94c9-bab3f0095a28/mandatory/1.webm,mandatory,1,3002,2026-09-06 09:59:17.61125+00,normal
3bff8b6d-54dd-4535-8021-8e3f09745b20,fb6349b1-d747-4268-8dea-5cfe36aa12bf,fb6349b1-d747-4268-8dea-5cfe36aa12bf/mandatory/1.webm,mandatory,1,1500,2026-09-06 17:43:03.73473+00,normal
3d0f8981-3592-4b02-a6e2-6268754ee1a4,02c153b8-8fb9-4528-8158-8049e257db88,02c153b8-8fb9-4528-8158-8049e257db88/optional/9.webm,optional,9,3003,2026-09-06 10:33:29.544623+00,intonation
3f1586f2-3b3d-4508-8f75-b6eeaf77018b,ef518ed6-56c1-4a88-8afe-158ff08a2964,ef518ed6-56c1-4a88-8afe-158ff08a2964/mandatory/1.webm,mandatory,1,2800,2026-09-10 16:18:13.033488+00,normal
3f758a5a-d778-469b-8fd3-43b774cd2498,02c153b8-8fb9-4528-8158-8049e257db88,02c153b8-8fb9-4528-8158-8049e257db88/optional/8.webm,optional,8,3010,2026-09-06 10:33:18.695457+00,slower
40369420-e979-4c54-814b-d8c6b4dd102e,054b38c0-8e14-4bd8-a649-2e2c5f3d389e,054b38c0-8e14-4bd8-a649-2e2c5f3d389e/mandatory/4.webm,mandatory,4,3004,2026-09-08 15:07:53.692183+00,intonation
410e4794-3061-4066-b79a-f5e5ec023ea6,47f64db2-16aa-4904-94c9-bab3f0095a28,47f64db2-16aa-4904-94c9-bab3f0095a28/mandatory/3.webm,mandatory,3,3001,2026-09-06 09:59:46.748466+00,slower
421e41b3-8f5b-48fd-b3e6-022bae7715b1,2d80737c-f830-4ec6-9dfe-a6fcc805d9ee,2d80737c-f830-4ec6-9dfe-a6fcc805d9ee/mandatory/1.webm,mandatory,1,3002,2026-09-08 14:27:41.249531+00,normal
422db7e6-9c57-424e-8456-134bef3e69b9,baa8bfbe-be1f-4849-a601-67812dfe2775,baa8bfbe-be1f-4849-a601-67812dfe2775/mandatory/1.webm,mandatory,1,3005,2026-09-07 11:17:43.262937+00,normal
42a44571-42df-44d3-8ac8-6779bf672385,054b38c0-8e14-4bd8-a649-2e2c5f3d389e,054b38c0-8e14-4bd8-a649-2e2c5f3d389e/mandatory/1.webm,mandatory,1,3001,2026-09-08 15:07:23.877419+00,normal
4347fa15-62c7-4555-a91f-90258828ff16,a72f7105-fc67-43ec-a806-af62c41d9f20,a72f7105-fc67-43ec-a806-af62c41d9f20/optional/9.webm,optional,9,3055,2026-09-09 05:10:33.82976+00,intonation
443c674a-9569-4b5c-a70e-1d90b1338e46,f70d467e-8781-426e-80e9-a74519d645ea,f70d467e-8781-426e-80e9-a74519d645ea/mandatory/3.webm,mandatory,3,3005,2026-09-07 17:49:42.965627+00,slower
44b1c194-8f06-4d40-9cbd-9c80ab2f0b20,02c153b8-8fb9-4528-8158-8049e257db88,02c153b8-8fb9-4528-8158-8049e257db88/optional/6.webm,optional,6,3014,2026-09-06 10:32:58.107475+00,normal
47d82bfe-2239-4173-9b71-21063688a6b1,ebe0d173-51dd-4c63-870a-407c4c1a599d,ebe0d173-51dd-4c63-870a-407c4c1a599d/mandatory/3.webm,mandatory,3,3000,2026-09-08 15:34:22.903253+00,slower
48a2ead5-d943-41b8-ba10-86b58ec8f17a,a72f7105-fc67-43ec-a806-af62c41d9f20,a72f7105-fc67-43ec-a806-af62c41d9f20/mandatory/4.webm,mandatory,4,3067,2026-09-09 05:09:26.058692+00,intonation
4b24265d-d304-4d3f-a568-08464d9812bf,59fc98bd-455d-4d34-aa61-a1344cdff1e1,59fc98bd-455d-4d34-aa61-a1344cdff1e1/mandatory/3.webm,mandatory,3,1301,2026-09-06 07:48:54.221847+00,slower
4efa8d0d-1720-4168-b60c-3f06d101c19f,aa91f7e3-e010-44eb-89ae-877dae296ad8,aa91f7e3-e010-44eb-89ae-877dae296ad8/mandatory/4.webm,mandatory,4,3004,2026-09-10 12:15:29.958078+00,intonation
4f08668c-6224-4199-9385-41b4de5aa68f,02c153b8-8fb9-4528-8158-8049e257db88,02c153b8-8fb9-4528-8158-8049e257db88/mandatory/5.webm,mandatory,5,3005,2026-09-06 10:32:40.898311+00,distance
4f25a208-e206-44dd-85a2-95f748f19326,263875b0-b8cb-4e7f-a43a-d6e551ee48ed,263875b0-b8cb-4e7f-a43a-d6e551ee48ed/mandatory/1.webm,mandatory,1,3004,2026-09-06 09:13:06.279355+00,normal
4f49fad1-d8ba-40bf-83bf-4623010dc2fa,fb6349b1-d747-4268-8dea-5cfe36aa12bf,fb6349b1-d747-4268-8dea-5cfe36aa12bf/mandatory/4.webm,mandatory,4,606,2026-09-06 17:43:20.877198+00,intonation
4fa09762-0753-4d23-ac8c-53fb1a6063f9,2a69429e-6de8-4410-8267-e2185fe3809f,2a69429e-6de8-4410-8267-e2185fe3809f/optional/9.webm,optional,9,3000,2026-09-07 16:14:55.309627+00,intonation
4fe97e2e-1b69-42c0-8ae7-6c3a7e3c4de1,b8182b31-0f99-41c5-97f4-696b7febf1ab,b8182b31-0f99-41c5-97f4-696b7febf1ab/mandatory/4.webm,mandatory,4,3001,2026-09-10 09:33:00.579822+00,intonation
506759e1-797b-4d8c-a69e-befcc9db94eb,aca6354d-db66-444b-b95a-b2e6df9361ef,aca6354d-db66-444b-b95a-b2e6df9361ef/mandatory/4.webm,mandatory,4,3008,2026-09-10 09:38:19.185851+00,intonation
52ab889a-e5b6-44c5-89c0-d4c2cb07d520,335b6d7c-5ded-4be0-b876-09b9508d2265,335b6d7c-5ded-4be0-b876-09b9508d2265/mandatory/2.webm,mandatory,2,3003,2026-09-07 05:38:28.105152+00,faster
53a03fc3-c9cb-4f6e-b87f-36d6595fb7bb,5da6fe17-5ed0-43eb-bb94-8a61cc1c37f1,5da6fe17-5ed0-43eb-bb94-8a61cc1c37f1/optional/9.webm,optional,9,3001,2026-09-06 09:43:10.702863+00,intonation
542d4b97-76a0-4e8e-94f4-121804c24180,2e2da424-76f9-4afd-ae75-12a27e00ac73,2e2da424-76f9-4afd-ae75-12a27e00ac73/mandatory/4.webm,mandatory,4,3000,2026-09-06 08:20:57.418344+00,intonation
547089b1-8396-4854-aa68-50cf2543e55a,1c231685-30ef-4e9a-a881-ed8b63c6f1b6,1c231685-30ef-4e9a-a881-ed8b63c6f1b6/mandatory/4.webm,mandatory,4,3001,2026-09-06 10:00:58.981663+00,intonation
54aab176-67e1-4c93-93d1-148bdddcc292,2d70cdb6-2e97-4ac9-ae60-daebf846ea60,2d70cdb6-2e97-4ac9-ae60-daebf846ea60/mandatory/1.webm,mandatory,1,3000,2026-09-06 08:55:14.490558+00,normal
5573f677-7475-4e2e-a6fe-18cfef540d32,81fdbf2e-3612-4678-bf20-f0113528505c,81fdbf2e-3612-4678-bf20-f0113528505c/mandatory/2.webm,mandatory,2,3001,2026-09-06 09:13:59.801576+00,faster
55efc8a1-bdad-4993-be4f-2acc47ec703f,2d80737c-f830-4ec6-9dfe-a6fcc805d9ee,2d80737c-f830-4ec6-9dfe-a6fcc805d9ee/mandatory/3.webm,mandatory,3,3001,2026-09-08 14:28:21.423894+00,slower
56ed2cfc-4599-4379-b8ff-f89c006ad2a0,efc91795-fdcf-4347-b99e-efaf84c2f9be,efc91795-fdcf-4347-b99e-efaf84c2f9be/mandatory/2.webm,mandatory,2,2175,2026-09-10 09:42:33.388184+00,faster
580318b5-d7b7-4e8d-9bc2-855443cc32d2,335b6d7c-5ded-4be0-b876-09b9508d2265,335b6d7c-5ded-4be0-b876-09b9508d2265/mandatory/5.webm,mandatory,5,3002,2026-09-07 05:39:09.855925+00,distance
582edfb5-2699-4b25-8e58-11ce46ceb95c,943069ad-2757-493d-8f94-d7a295137152,943069ad-2757-493d-8f94-d7a295137152/mandatory/4.webm,mandatory,4,3000,2026-09-10 09:28:58.981726+00,intonation
5ac3f07e-f4b3-45fc-932e-aa3ce5ce8b87,a72f7105-fc67-43ec-a806-af62c41d9f20,a72f7105-fc67-43ec-a806-af62c41d9f20/optional/10.webm,optional,10,3063,2026-09-09 05:10:58.113542+00,distance
5b6b3a63-13d2-4304-b688-b64626731890,4234fb4d-064c-484d-88aa-ef5be9c7eabf,4234fb4d-064c-484d-88aa-ef5be9c7eabf/mandatory/1.webm,mandatory,1,3002,2026-09-08 15:51:59.908737+00,normal
5b890ef2-02b8-45ee-b544-314f1a8be7eb,81fdbf2e-3612-4678-bf20-f0113528505c,81fdbf2e-3612-4678-bf20-f0113528505c/mandatory/5.webm,mandatory,5,3001,2026-09-06 09:14:42.901531+00,distance
5b9b221d-0800-4f92-be07-ec7fcebe9092,64de123c-53a4-4059-957c-92bf29ac468b,64de123c-53a4-4059-957c-92bf29ac468b/mandatory/3.webm,mandatory,3,3001,2026-09-06 08:58:58.182959+00,slower
5cf0fcf3-7cd2-46a3-b0a1-05042c9e4384,d30246ec-2c35-481e-a9e5-155d77fdd772,d30246ec-2c35-481e-a9e5-155d77fdd772/mandatory/5.webm,mandatory,5,3000,2026-09-10 09:57:32.17562+00,distance
5eeb341d-7906-4245-8937-7e2520156a1c,ebe0d173-51dd-4c63-870a-407c4c1a599d,ebe0d173-51dd-4c63-870a-407c4c1a599d/mandatory/5.webm,mandatory,5,3000,2026-09-08 15:34:59.329151+00,distance
5f0041a5-f0b8-4aa0-ac1e-dde7753082d6,b8182b31-0f99-41c5-97f4-696b7febf1ab,b8182b31-0f99-41c5-97f4-696b7febf1ab/mandatory/5.webm,mandatory,5,3000,2026-09-10 09:33:25.368725+00,distance
5f2b281a-2aba-4f7e-9be5-9023c6a39fef,da3b85a1-387b-40d5-a8af-ce10db3ac2c8,da3b85a1-387b-40d5-a8af-ce10db3ac2c8/mandatory/5.webm,mandatory,5,700,2026-09-07 16:19:58.177456+00,distance
5fbe7da8-bfc2-42e1-af46-e40c26065340,2d70cdb6-2e97-4ac9-ae60-daebf846ea60,2d70cdb6-2e97-4ac9-ae60-daebf846ea60/mandatory/5.webm,mandatory,5,3002,2026-09-06 08:56:07.357464+00,distance
60e577a1-c9d6-48d8-9811-94cb05b12cb6,ebe0d173-51dd-4c63-870a-407c4c1a599d,ebe0d173-51dd-4c63-870a-407c4c1a599d/mandatory/1.webm,mandatory,1,3001,2026-09-08 15:34:01.143046+00,normal
61aa1084-00ea-4280-bbdb-9b6cf6f9d66c,263875b0-b8cb-4e7f-a43a-d6e551ee48ed,263875b0-b8cb-4e7f-a43a-d6e551ee48ed/mandatory/5.webm,mandatory,5,3008,2026-09-06 09:13:56.881393+00,distance
61cd1196-1830-4087-8fb2-0e5e1ee97826,2c574cb7-1d2b-440f-bf2f-6428bfe6bd07,2c574cb7-1d2b-440f-bf2f-6428bfe6bd07/optional/10.webm,optional,10,3000,2026-09-07 11:11:31.622861+00,distance
63a288a3-c64f-41b8-9ef7-bd429ca4c374,2a24ad90-f292-4321-9baf-081583734e42,2a24ad90-f292-4321-9baf-081583734e42/mandatory/2.webm,mandatory,2,3001,2026-09-10 09:46:02.874125+00,faster
644ade45-ae63-4c7e-a391-72f91b1f203b,b8182b31-0f99-41c5-97f4-696b7febf1ab,b8182b31-0f99-41c5-97f4-696b7febf1ab/mandatory/1.webm,mandatory,1,3001,2026-09-10 09:32:20.45912+00,normal
656cb647-dc5b-4674-85dc-45ff0c23dd80,828d3a9d-f15f-4c88-ae48-ba0ba0a5e403,828d3a9d-f15f-4c88-ae48-ba0ba0a5e403/mandatory/3.webm,mandatory,3,3002,2026-09-10 09:55:16.721732+00,slower
66d6c31a-44b3-4e55-b679-c27f8a78d548,2e2da424-76f9-4afd-ae75-12a27e00ac73,2e2da424-76f9-4afd-ae75-12a27e00ac73/mandatory/2.webm,mandatory,2,3000,2026-09-06 08:20:29.7668+00,faster
66f14f28-f5ea-4066-9d72-87f92b40fa13,2a69429e-6de8-4410-8267-e2185fe3809f,2a69429e-6de8-4410-8267-e2185fe3809f/optional/6.webm,optional,6,3001,2026-09-07 16:14:25.608601+00,normal
67614e20-5fe2-4ab4-9f5c-976bc0fad130,d30246ec-2c35-481e-a9e5-155d77fdd772,d30246ec-2c35-481e-a9e5-155d77fdd772/mandatory/1.webm,mandatory,1,3001,2026-09-10 09:56:39.36428+00,normal
69c64d54-af28-4218-b001-0a6ce87701a9,2c214cfb-1bf1-4660-b74b-d804bbfc73d4,2c214cfb-1bf1-4660-b74b-d804bbfc73d4/optional/10.webm,optional,10,3002,2026-09-07 07:16:46.404882+00,distance
6b051ea9-b0db-4fe7-abf5-414d704f1c77,2d80737c-f830-4ec6-9dfe-a6fcc805d9ee,2d80737c-f830-4ec6-9dfe-a6fcc805d9ee/mandatory/4.webm,mandatory,4,3002,2026-09-08 14:28:35.593963+00,intonation
6c58d830-cb3b-48d4-98dc-8b096ea23183,7cc1acbc-ea8b-40e5-b702-94a9e42f38b6,7cc1acbc-ea8b-40e5-b702-94a9e42f38b6/mandatory/1.webm,mandatory,1,3028,2026-09-08 15:31:52.244394+00,normal
6c84ee1e-7bc3-46b8-aaea-7902a63ad862,da3b85a1-387b-40d5-a8af-ce10db3ac2c8,da3b85a1-387b-40d5-a8af-ce10db3ac2c8/mandatory/4.webm,mandatory,4,2102,2026-09-07 16:19:51.063444+00,intonation
6e1c2070-d18e-4708-9e5d-d0a39122c8d1,5da6fe17-5ed0-43eb-bb94-8a61cc1c37f1,5da6fe17-5ed0-43eb-bb94-8a61cc1c37f1/optional/6.webm,optional,6,3000,2026-09-06 09:42:40.150728+00,normal
6ea81c4d-035a-45ca-aec1-da70f5153da3,8e25f738-67de-47c3-8986-885244e13042,8e25f738-67de-47c3-8986-885244e13042/mandatory/5.webm,mandatory,5,3002,2026-09-10 09:43:44.235932+00,distance
6f422bc4-512d-4d16-a7c4-36824f94f5cf,2b017ac3-bbec-4db3-8402-8f942b24becd,2b017ac3-bbec-4db3-8402-8f942b24becd/mandatory/5.webm,mandatory,5,3000,2026-09-06 11:21:52.572388+00,distance
6f5681e9-03a2-47fe-a3de-c8d109dd7121,fe398b09-8619-4849-b515-8b11c24fc7e7,fe398b09-8619-4849-b515-8b11c24fc7e7/mandatory/5.webm,mandatory,5,3001,2026-09-10 09:42:54.032557+00,distance
704c9462-df19-4a10-b2a9-7af6fe798224,2a69429e-6de8-4410-8267-e2185fe3809f,2a69429e-6de8-4410-8267-e2185fe3809f/mandatory/2.webm,mandatory,2,3001,2026-09-07 16:13:40.763268+00,faster
71e8577e-495d-4338-a340-8667a1508300,2c574cb7-1d2b-440f-bf2f-6428bfe6bd07,2c574cb7-1d2b-440f-bf2f-6428bfe6bd07/mandatory/1.webm,mandatory,1,3000,2026-09-07 11:09:41.973806+00,normal
72c94d23-4cc4-43ba-9e2a-4dd8f020b291,81fdbf2e-3612-4678-bf20-f0113528505c,81fdbf2e-3612-4678-bf20-f0113528505c/mandatory/4.webm,mandatory,4,3001,2026-09-06 09:14:29.381612+00,intonation
75e77cb4-3e41-4483-96bd-4346195c2d69,a1f3bee7-082d-458e-8208-b3e808172cee,a1f3bee7-082d-458e-8208-b3e808172cee/mandatory/2.webm,mandatory,2,3001,2026-09-10 09:36:34.087887+00,faster
770dc697-c536-4476-9683-379c1430d307,5f0eb8c8-fe43-4ff6-b10e-1df8cd35c7a0,5f0eb8c8-fe43-4ff6-b10e-1df8cd35c7a0/mandatory/4.webm,mandatory,4,901,2026-09-07 05:05:58.413112+00,intonation
77946b6f-0bc4-427c-8938-6c8134123692,263875b0-b8cb-4e7f-a43a-d6e551ee48ed,263875b0-b8cb-4e7f-a43a-d6e551ee48ed/mandatory/2.webm,mandatory,2,3005,2026-09-06 09:13:18.15382+00,faster
785ce2e1-0274-4a2c-965e-7dc86c67472c,2d70cdb6-2e97-4ac9-ae60-daebf846ea60,2d70cdb6-2e97-4ac9-ae60-daebf846ea60/optional/6.webm,optional,6,3001,2026-09-06 08:56:21.842647+00,normal
787b10ec-4279-42be-ba60-5e4f0cafc861,2e2da424-76f9-4afd-ae75-12a27e00ac73,2e2da424-76f9-4afd-ae75-12a27e00ac73/mandatory/5.webm,mandatory,5,3001,2026-09-06 08:21:06.94633+00,distance
7a0fe834-c47b-42d4-b9d5-050f81418344,1c231685-30ef-4e9a-a881-ed8b63c6f1b6,1c231685-30ef-4e9a-a881-ed8b63c6f1b6/mandatory/3.webm,mandatory,3,3001,2026-09-06 10:00:22.058194+00,slower
7dcb64d0-39c8-4662-afc9-ee4d94da4b19,2d80737c-f830-4ec6-9dfe-a6fcc805d9ee,2d80737c-f830-4ec6-9dfe-a6fcc805d9ee/mandatory/2.webm,mandatory,2,3000,2026-09-08 14:28:06.722774+00,faster
800a922c-f0ac-4902-9e91-1763120f4fde,f70d467e-8781-426e-80e9-a74519d645ea,f70d467e-8781-426e-80e9-a74519d645ea/mandatory/1.webm,mandatory,1,3005,2026-09-07 17:48:45.220394+00,normal
80d5214a-f6dc-4eb1-ab2f-638ba796e3a3,f5f4bb28-973c-4278-9967-38fb81c6a050,f5f4bb28-973c-4278-9967-38fb81c6a050/mandatory/2.webm,mandatory,2,3080,2026-09-08 22:47:33.740315+00,faster
81624558-72dc-40de-8cd7-9bc393de2dee,52499bbe-68bc-4e40-86d7-6121e9dfeb24,52499bbe-68bc-4e40-86d7-6121e9dfeb24/mandatory/4.webm,mandatory,4,2701,2026-09-11 14:28:40.649748+00,intonation
81d82ab8-f07d-42c6-addb-2cc69c669973,2c214cfb-1bf1-4660-b74b-d804bbfc73d4,2c214cfb-1bf1-4660-b74b-d804bbfc73d4/mandatory/1.webm,mandatory,1,3001,2026-09-07 07:15:05.498564+00,normal
824f0609-65da-446e-9c2f-b25401367dab,52499bbe-68bc-4e40-86d7-6121e9dfeb24,52499bbe-68bc-4e40-86d7-6121e9dfeb24/optional/7.webm,optional,7,1600,2026-09-11 14:29:09.909306+00,faster
828530d0-db5d-4eeb-ad6e-0d30e90bb853,baa8bfbe-be1f-4849-a601-67812dfe2775,baa8bfbe-be1f-4849-a601-67812dfe2775/mandatory/4.webm,mandatory,4,3006,2026-09-07 11:18:27.189878+00,intonation
82e6831f-4b8d-44da-bef1-09f9c1e73c43,2c574cb7-1d2b-440f-bf2f-6428bfe6bd07,2c574cb7-1d2b-440f-bf2f-6428bfe6bd07/optional/6.webm,optional,6,3001,2026-09-07 11:10:56.621286+00,normal
836a5873-7737-47c7-be0d-29c74ba23334,828d3a9d-f15f-4c88-ae48-ba0ba0a5e403,828d3a9d-f15f-4c88-ae48-ba0ba0a5e403/mandatory/4.webm,mandatory,4,3000,2026-09-10 09:55:27.540594+00,intonation
84521d30-334d-45ea-b352-03dd1fcd2ca0,1c231685-30ef-4e9a-a881-ed8b63c6f1b6,1c231685-30ef-4e9a-a881-ed8b63c6f1b6/mandatory/1.webm,mandatory,1,3001,2026-09-06 09:59:47.272987+00,normal
84773733-4097-4c8b-a477-db89b705c210,d30246ec-2c35-481e-a9e5-155d77fdd772,d30246ec-2c35-481e-a9e5-155d77fdd772/mandatory/4.webm,mandatory,4,3001,2026-09-10 09:57:22.627108+00,intonation
848179c1-933e-4311-85a1-b4d773076382,2c214cfb-1bf1-4660-b74b-d804bbfc73d4,2c214cfb-1bf1-4660-b74b-d804bbfc73d4/optional/8.webm,optional,8,3001,2026-09-07 07:16:26.587392+00,slower
873702d5-b88e-4e77-9120-7ecd28975c6b,335b6d7c-5ded-4be0-b876-09b9508d2265,335b6d7c-5ded-4be0-b876-09b9508d2265/optional/6.webm,optional,6,3003,2026-09-07 05:39:28.812165+00,normal
875329e8-de2a-4a2d-ab0e-c5ef7fff46e5,52499bbe-68bc-4e40-86d7-6121e9dfeb24,52499bbe-68bc-4e40-86d7-6121e9dfeb24/mandatory/2.webm,mandatory,2,1400,2026-09-11 14:28:24.138173+00,faster
884e0782-d8f2-45c3-933b-1c412392ba74,2a69429e-6de8-4410-8267-e2185fe3809f,2a69429e-6de8-4410-8267-e2185fe3809f/optional/8.webm,optional,8,3001,2026-09-07 16:14:45.875943+00,slower
88d6cacb-d9c3-4ec7-aa1f-83f0fab71487,47f64db2-16aa-4904-94c9-bab3f0095a28,47f64db2-16aa-4904-94c9-bab3f0095a28/mandatory/2.webm,mandatory,2,3000,2026-09-06 09:59:31.461544+00,faster
891dd6b4-7c0b-4bc5-8470-71400003b803,ddd732c0-fb06-4989-a4ff-e9664d7a7087,ddd732c0-fb06-4989-a4ff-e9664d7a7087/mandatory/5.webm,mandatory,5,3002,2026-09-07 07:20:50.06997+00,distance
89909553-356a-4676-aaa5-1a00593278d7,a1f3bee7-082d-458e-8208-b3e808172cee,a1f3bee7-082d-458e-8208-b3e808172cee/mandatory/5.webm,mandatory,5,3001,2026-09-10 09:37:23.0773+00,distance
89cd4279-ba77-4afe-a295-beac85b17ff4,64de123c-53a4-4059-957c-92bf29ac468b,64de123c-53a4-4059-957c-92bf29ac468b/mandatory/2.webm,mandatory,2,3001,2026-09-06 08:58:48.092888+00,faster
8a43a522-15a1-48fb-81b7-9f5727d73ac0,73b51835-9a81-46f6-968e-6d3f2d58a323,73b51835-9a81-46f6-968e-6d3f2d58a323/mandatory/5.webm,mandatory,5,3006,2026-09-10 09:47:06.781973+00,distance
8c6b16b5-c5b7-431f-b0e6-d1f582eb0e70,d9fa7fff-de38-4adc-b1e3-c27fa4626dfa,d9fa7fff-de38-4adc-b1e3-c27fa4626dfa/mandatory/2.webm,mandatory,2,1501,2026-09-06 09:18:31.317981+00,faster
8ca74d9a-ceea-4fea-a9f0-ebbe916bfd49,efc91795-fdcf-4347-b99e-efaf84c2f9be,efc91795-fdcf-4347-b99e-efaf84c2f9be/mandatory/1.webm,mandatory,1,3004,2026-09-10 09:42:22.675746+00,normal
8cbd564d-ad57-47b6-af15-c97b0f2827fe,da3b85a1-387b-40d5-a8af-ce10db3ac2c8,da3b85a1-387b-40d5-a8af-ce10db3ac2c8/mandatory/3.webm,mandatory,3,902,2026-09-07 16:19:43.290885+00,slower
8d51bf38-7a3e-4394-a2c5-7c0f2378b4fe,aa91f7e3-e010-44eb-89ae-877dae296ad8,aa91f7e3-e010-44eb-89ae-877dae296ad8/mandatory/3.webm,mandatory,3,3005,2026-09-10 12:15:18.466699+00,slower
8da23bf8-90f4-41b0-93f3-71af46ace34e,a72f7105-fc67-43ec-a806-af62c41d9f20,a72f7105-fc67-43ec-a806-af62c41d9f20/mandatory/2.webm,mandatory,2,3070,2026-09-09 05:08:47.93237+00,faster
8df5dae6-8388-44dc-ab9e-343e3b945f87,335b6d7c-5ded-4be0-b876-09b9508d2265,335b6d7c-5ded-4be0-b876-09b9508d2265/mandatory/3.webm,mandatory,3,3001,2026-09-07 05:38:41.865945+00,slower
8f548983-de05-4436-a303-f9439d797c09,879e7e3c-104d-42a3-9f35-5c9bbda44f21,879e7e3c-104d-42a3-9f35-5c9bbda44f21/mandatory/4.webm,mandatory,4,3000,2026-09-10 09:51:22.243212+00,intonation
8ff51be0-84ee-47c5-bb43-8c260085fd94,2b017ac3-bbec-4db3-8402-8f942b24becd,2b017ac3-bbec-4db3-8402-8f942b24becd/mandatory/1.webm,mandatory,1,2101,2026-09-06 11:21:06.558156+00,normal
909adae7-4742-42cc-9301-ace72de16c91,a72f7105-fc67-43ec-a806-af62c41d9f20,a72f7105-fc67-43ec-a806-af62c41d9f20/mandatory/5.webm,mandatory,5,3045,2026-09-09 05:09:39.131567+00,distance
90b0743f-c6a8-4796-890c-d0f36f5306be,a72f7105-fc67-43ec-a806-af62c41d9f20,a72f7105-fc67-43ec-a806-af62c41d9f20/optional/8.webm,optional,8,3069,2026-09-09 05:10:13.875995+00,slower
91b13b82-e572-427c-a557-75d08a3cff08,4234fb4d-064c-484d-88aa-ef5be9c7eabf,4234fb4d-064c-484d-88aa-ef5be9c7eabf/mandatory/3.webm,mandatory,3,3000,2026-09-08 15:52:22.247797+00,slower
9206fcc0-ca65-4df8-88cb-5321ca0c3026,52499bbe-68bc-4e40-86d7-6121e9dfeb24,52499bbe-68bc-4e40-86d7-6121e9dfeb24/optional/8.webm,optional,8,1901,2026-09-11 14:29:18.231317+00,slower
93898f01-0454-458e-bd8c-cb7d4201aa9d,ddd732c0-fb06-4989-a4ff-e9664d7a7087,ddd732c0-fb06-4989-a4ff-e9664d7a7087/optional/6.webm,optional,6,2509,2026-09-07 07:21:06.774707+00,normal
939a44d6-9813-4f0c-9dc1-3b0798a46e2b,d30246ec-2c35-481e-a9e5-155d77fdd772,d30246ec-2c35-481e-a9e5-155d77fdd772/mandatory/2.webm,mandatory,2,3000,2026-09-10 09:56:52.182243+00,faster
9426d100-ddb3-4702-9e5c-f6bb71bdd8aa,ebe0d173-51dd-4c63-870a-407c4c1a599d,ebe0d173-51dd-4c63-870a-407c4c1a599d/mandatory/4.webm,mandatory,4,3001,2026-09-08 15:34:38.036347+00,intonation
948dad58-06d2-4756-88f5-c48340aa43fe,5c7cdde9-cf25-498a-ab50-de7df5780c4a,5c7cdde9-cf25-498a-ab50-de7df5780c4a/mandatory/1.webm,mandatory,1,3005,2026-09-10 10:06:19.081726+00,normal
9853b414-a192-40eb-b9f7-0bef281865f2,ef518ed6-56c1-4a88-8afe-158ff08a2964,ef518ed6-56c1-4a88-8afe-158ff08a2964/mandatory/2.webm,mandatory,2,2100,2026-09-10 16:18:22.479537+00,faster
98fd1d25-2aec-49f9-894c-b922eb3fa129,02c153b8-8fb9-4528-8158-8049e257db88,02c153b8-8fb9-4528-8158-8049e257db88/mandatory/1.webm,mandatory,1,3010,2026-09-06 10:31:48.311559+00,normal
996d4705-8711-436f-99f1-5559986655ad,5da6fe17-5ed0-43eb-bb94-8a61cc1c37f1,5da6fe17-5ed0-43eb-bb94-8a61cc1c37f1/optional/10.webm,optional,10,3001,2026-09-06 09:43:28.849634+00,distance
9ae68efb-7893-45d1-8512-c206af6ae7bb,2a69429e-6de8-4410-8267-e2185fe3809f,2a69429e-6de8-4410-8267-e2185fe3809f/mandatory/5.webm,mandatory,5,3000,2026-09-07 16:14:11.889744+00,distance
9aee305f-1825-4527-931c-dc6922088da6,02c153b8-8fb9-4528-8158-8049e257db88,02c153b8-8fb9-4528-8158-8049e257db88/mandatory/4.webm,mandatory,4,3010,2026-09-06 10:32:29.005506+00,intonation
9c93fa1b-9044-40f9-b1ad-19fe68c4ca23,b8182b31-0f99-41c5-97f4-696b7febf1ab,b8182b31-0f99-41c5-97f4-696b7febf1ab/mandatory/2.webm,mandatory,2,3000,2026-09-10 09:32:35.557051+00,faster
9fc738c9-4e7b-439f-a9d6-cc2b62e9f341,2d70cdb6-2e97-4ac9-ae60-daebf846ea60,2d70cdb6-2e97-4ac9-ae60-daebf846ea60/mandatory/3.webm,mandatory,3,3002,2026-09-06 08:55:43.222758+00,slower
a0daa654-0ccc-4ab3-b97d-5021ca7a5159,879e7e3c-104d-42a3-9f35-5c9bbda44f21,879e7e3c-104d-42a3-9f35-5c9bbda44f21/mandatory/2.webm,mandatory,2,3001,2026-09-10 09:50:57.741449+00,faster
a102deeb-df5a-4418-8972-ce148019e071,f1db29b4-a8a1-4283-9397-0d352085da47,f1db29b4-a8a1-4283-9397-0d352085da47/mandatory/2.webm,mandatory,2,2402,2026-09-08 15:07:34.583564+00,faster
a334cc8f-449d-469e-b967-43ff6756ffdb,2b017ac3-bbec-4db3-8402-8f942b24becd,2b017ac3-bbec-4db3-8402-8f942b24becd/mandatory/4.webm,mandatory,4,3002,2026-09-06 11:21:43.337981+00,intonation
a33c6275-ee47-4b97-89fc-8136c95303a8,aca6354d-db66-444b-b95a-b2e6df9361ef,aca6354d-db66-444b-b95a-b2e6df9361ef/mandatory/2.webm,mandatory,2,3006,2026-09-10 09:37:37.983178+00,faster
a3f566d6-c976-450f-88c1-d617bcac6867,5da6fe17-5ed0-43eb-bb94-8a61cc1c37f1,5da6fe17-5ed0-43eb-bb94-8a61cc1c37f1/mandatory/4.webm,mandatory,4,3001,2026-09-06 09:42:06.108458+00,intonation
a47f424f-7ca1-4570-ad8f-bf73bec59a9e,335b6d7c-5ded-4be0-b876-09b9508d2265,335b6d7c-5ded-4be0-b876-09b9508d2265/optional/8.webm,optional,8,3000,2026-09-07 05:39:55.116129+00,slower
a50a57b0-a5ab-4920-b9c4-db7a3d47ed6e,335b6d7c-5ded-4be0-b876-09b9508d2265,335b6d7c-5ded-4be0-b876-09b9508d2265/optional/9.webm,optional,9,3003,2026-09-07 05:40:06.462435+00,intonation
a6a1ef09-4bb9-4b77-8535-81ab4576fca0,d9fa7fff-de38-4adc-b1e3-c27fa4626dfa,d9fa7fff-de38-4adc-b1e3-c27fa4626dfa/mandatory/4.webm,mandatory,4,1801,2026-09-06 09:18:48.490434+00,intonation
a7b584e0-0df4-4a99-b97e-839fa87897fc,47f64db2-16aa-4904-94c9-bab3f0095a28,47f64db2-16aa-4904-94c9-bab3f0095a28/mandatory/4.webm,mandatory,4,3001,2026-09-06 09:59:59.135178+00,intonation
a8c7daaa-ed3a-4dee-9c69-f06185513678,5da6fe17-5ed0-43eb-bb94-8a61cc1c37f1,5da6fe17-5ed0-43eb-bb94-8a61cc1c37f1/mandatory/1.webm,mandatory,1,3001,2026-09-06 09:41:25.960154+00,normal
a8ede96b-39bb-4989-9e91-26b2e89879bd,a72f7105-fc67-43ec-a806-af62c41d9f20,a72f7105-fc67-43ec-a806-af62c41d9f20/mandatory/3.webm,mandatory,3,3058,2026-09-09 05:09:11.057148+00,slower
ab4a05de-e456-4948-b5ae-b46951ad282e,f5f4bb28-973c-4278-9967-38fb81c6a050,f5f4bb28-973c-4278-9967-38fb81c6a050/mandatory/4.webm,mandatory,4,3065,2026-09-08 22:47:57.574855+00,intonation
ac5bb22a-8a04-4964-8e85-021affae7f28,2c214cfb-1bf1-4660-b74b-d804bbfc73d4,2c214cfb-1bf1-4660-b74b-d804bbfc73d4/mandatory/3.webm,mandatory,3,3001,2026-09-07 07:15:24.895798+00,slower
ad8415fc-de7a-4149-b361-5625b287bad2,2c574cb7-1d2b-440f-bf2f-6428bfe6bd07,2c574cb7-1d2b-440f-bf2f-6428bfe6bd07/mandatory/5.webm,mandatory,5,3000,2026-09-07 11:10:36.967782+00,distance
adb7d4e1-2b6e-4093-8a85-b405f0da25ba,2b017ac3-bbec-4db3-8402-8f942b24becd,2b017ac3-bbec-4db3-8402-8f942b24becd/mandatory/3.webm,mandatory,3,3000,2026-09-06 11:21:34.032727+00,slower
ae953faa-2e62-410a-810e-605f1737b380,2e2da424-76f9-4afd-ae75-12a27e00ac73,2e2da424-76f9-4afd-ae75-12a27e00ac73/mandatory/3.webm,mandatory,3,3000,2026-09-06 08:20:47.075753+00,slower
afbb9b3d-eb09-4ce4-8cb9-018dbf7e7b44,ddd732c0-fb06-4989-a4ff-e9664d7a7087,ddd732c0-fb06-4989-a4ff-e9664d7a7087/mandatory/2.webm,mandatory,2,2207,2026-09-07 07:20:12.196526+00,faster
afe963ad-ecba-4831-850d-54f889f8640d,4234fb4d-064c-484d-88aa-ef5be9c7eabf,4234fb4d-064c-484d-88aa-ef5be9c7eabf/mandatory/5.webm,mandatory,5,3001,2026-09-08 15:52:43.220201+00,distance
b027eb31-2d82-4d4b-9f7c-87e682810de2,efc91795-fdcf-4347-b99e-efaf84c2f9be,efc91795-fdcf-4347-b99e-efaf84c2f9be/mandatory/5.webm,mandatory,5,2694,2026-09-10 09:43:14.225468+00,distance
b1898651-6768-4bc9-b6fd-c87869af1c60,a1f3bee7-082d-458e-8208-b3e808172cee,a1f3bee7-082d-458e-8208-b3e808172cee/mandatory/4.webm,mandatory,4,3000,2026-09-10 09:37:09.076855+00,intonation
b1eb3320-7e3f-43a2-9628-07749c82017e,aa91f7e3-e010-44eb-89ae-877dae296ad8,aa91f7e3-e010-44eb-89ae-877dae296ad8/mandatory/5.webm,mandatory,5,3007,2026-09-10 12:15:43.569149+00,distance
b22e454d-f139-48a1-802e-9d192e729670,d30246ec-2c35-481e-a9e5-155d77fdd772,d30246ec-2c35-481e-a9e5-155d77fdd772/mandatory/3.webm,mandatory,3,3000,2026-09-10 09:57:03.0689+00,slower
b2e3273a-89d3-4711-874b-26f9f8a53898,e9681e48-c642-4a2c-a9b5-7b40b7e261fd,e9681e48-c642-4a2c-a9b5-7b40b7e261fd/mandatory/3.webm,mandatory,3,3001,2026-09-08 14:45:53.940292+00,slower
b36d8eac-d9db-41a9-9933-95ade7689fc7,1c231685-30ef-4e9a-a881-ed8b63c6f1b6,1c231685-30ef-4e9a-a881-ed8b63c6f1b6/mandatory/5.webm,mandatory,5,3000,2026-09-06 10:01:16.666709+00,distance
b45bd778-2b6c-42c6-bad0-83364214a719,263875b0-b8cb-4e7f-a43a-d6e551ee48ed,263875b0-b8cb-4e7f-a43a-d6e551ee48ed/mandatory/3.webm,mandatory,3,3001,2026-09-06 09:13:30.630296+00,slower
b5460efd-b2c4-43ee-9bea-dc986e7e1ccf,5f0eb8c8-fe43-4ff6-b10e-1df8cd35c7a0,5f0eb8c8-fe43-4ff6-b10e-1df8cd35c7a0/mandatory/1.webm,mandatory,1,3001,2026-09-07 05:04:47.903488+00,normal
b5905b86-5103-4858-9e09-1717b2181ea5,73b51835-9a81-46f6-968e-6d3f2d58a323,73b51835-9a81-46f6-968e-6d3f2d58a323/mandatory/3.webm,mandatory,3,3007,2026-09-10 09:46:41.293282+00,slower
b5a70957-3321-4b40-98f7-feddbd7e7657,81fdbf2e-3612-4678-bf20-f0113528505c,81fdbf2e-3612-4678-bf20-f0113528505c/optional/6.webm,optional,6,3001,2026-09-06 09:14:56.438498+00,normal
b751727d-70e0-4f74-9eb0-733cc8e2b374,aca6354d-db66-444b-b95a-b2e6df9361ef,aca6354d-db66-444b-b95a-b2e6df9361ef/mandatory/1.webm,mandatory,1,3005,2026-09-10 09:37:25.05873+00,normal
b79d8653-a87b-48b7-b942-dcdc8e865418,335b6d7c-5ded-4be0-b876-09b9508d2265,335b6d7c-5ded-4be0-b876-09b9508d2265/optional/7.webm,optional,7,3001,2026-09-07 05:39:44.327759+00,faster
b88fc8bb-27bd-471f-b856-fec1ec3d5a77,84afd2ff-e690-4c06-bb79-c71ad42e6d62,84afd2ff-e690-4c06-bb79-c71ad42e6d62/mandatory/3.webm,mandatory,3,1501,2026-09-07 05:46:21.943466+00,slower
b8c593dc-8416-4daf-9bef-21489dd71a9e,8e25f738-67de-47c3-8986-885244e13042,8e25f738-67de-47c3-8986-885244e13042/mandatory/4.webm,mandatory,4,3001,2026-09-10 09:43:32.970406+00,intonation
ba925a55-f7c7-459b-9e41-479f90ff809f,73b51835-9a81-46f6-968e-6d3f2d58a323,73b51835-9a81-46f6-968e-6d3f2d58a323/mandatory/4.webm,mandatory,4,3007,2026-09-10 09:46:53.418222+00,intonation
babff68a-1a46-4437-8bca-1428ad3e257e,ddd732c0-fb06-4989-a4ff-e9664d7a7087,ddd732c0-fb06-4989-a4ff-e9664d7a7087/optional/9.webm,optional,9,2605,2026-09-07 07:21:36.062499+00,intonation
bb2c8e16-194e-455c-9980-d76f26fecd14,ef518ed6-56c1-4a88-8afe-158ff08a2964,ef518ed6-56c1-4a88-8afe-158ff08a2964/mandatory/3.webm,mandatory,3,701,2026-09-10 16:18:29.313777+00,slower
bc37861a-df65-47a8-a165-eab8441d7713,5f0eb8c8-fe43-4ff6-b10e-1df8cd35c7a0,5f0eb8c8-fe43-4ff6-b10e-1df8cd35c7a0/mandatory/2.webm,mandatory,2,3000,2026-09-07 05:05:20.844709+00,faster
bde5cf1f-4b2b-4850-8056-410429a1924d,5c7cdde9-cf25-498a-ab50-de7df5780c4a,5c7cdde9-cf25-498a-ab50-de7df5780c4a/mandatory/2.webm,mandatory,2,3011,2026-09-10 10:06:32.150063+00,faster
be234168-00a3-4677-bce3-9d63d9d92d62,efc91795-fdcf-4347-b99e-efaf84c2f9be,efc91795-fdcf-4347-b99e-efaf84c2f9be/mandatory/4.webm,mandatory,4,3006,2026-09-10 09:43:00.807369+00,intonation
c00c184f-c924-410d-999b-6d5074abfe68,f5f4bb28-973c-4278-9967-38fb81c6a050,f5f4bb28-973c-4278-9967-38fb81c6a050/mandatory/1.webm,mandatory,1,3066,2026-09-08 22:47:19.255196+00,normal
c0a13db0-87db-4286-abbf-b0966d483287,ebe0d173-51dd-4c63-870a-407c4c1a599d,ebe0d173-51dd-4c63-870a-407c4c1a599d/mandatory/2.webm,mandatory,2,3000,2026-09-08 15:34:14.574516+00,faster
c0bd5395-8203-4ea5-bd2b-920455a682e0,2a24ad90-f292-4321-9baf-081583734e42,2a24ad90-f292-4321-9baf-081583734e42/mandatory/4.webm,mandatory,4,3001,2026-09-10 09:46:27.296696+00,intonation
c0cbdf38-1d38-4dda-bc8f-9ada9f87ba15,828d3a9d-f15f-4c88-ae48-ba0ba0a5e403,828d3a9d-f15f-4c88-ae48-ba0ba0a5e403/mandatory/2.webm,mandatory,2,3001,2026-09-10 09:55:02.830377+00,faster
c0d31929-421f-4dac-bc32-24da5273e6bb,f1db29b4-a8a1-4283-9397-0d352085da47,f1db29b4-a8a1-4283-9397-0d352085da47/mandatory/1.webm,mandatory,1,1400,2026-09-08 15:07:20.078325+00,normal
c1414b49-c418-46ad-a4c1-7d5be6439f23,a72f7105-fc67-43ec-a806-af62c41d9f20,a72f7105-fc67-43ec-a806-af62c41d9f20/mandatory/1.webm,mandatory,1,3065,2026-09-09 05:08:30.143766+00,normal
c19c3b8f-616f-4d46-8b67-1e1e2b25e035,ddd732c0-fb06-4989-a4ff-e9664d7a7087,ddd732c0-fb06-4989-a4ff-e9664d7a7087/optional/7.webm,optional,7,2302,2026-09-07 07:21:16.720552+00,faster
c39b4488-b2b7-4b7d-9166-9e9ef2643bc1,2d70cdb6-2e97-4ac9-ae60-daebf846ea60,2d70cdb6-2e97-4ac9-ae60-daebf846ea60/mandatory/2.webm,mandatory,2,3002,2026-09-06 08:55:33.799349+00,faster
c4e89a90-bb65-47fc-89d2-45e018396ae4,fe398b09-8619-4849-b515-8b11c24fc7e7,fe398b09-8619-4849-b515-8b11c24fc7e7/mandatory/1.webm,mandatory,1,1901,2026-09-10 09:41:52.88909+00,normal
c4fb84bc-0ad3-480d-b5e1-7cba92cdf2ce,ddd732c0-fb06-4989-a4ff-e9664d7a7087,ddd732c0-fb06-4989-a4ff-e9664d7a7087/mandatory/4.webm,mandatory,4,3007,2026-09-07 07:20:36.680488+00,intonation
c6491229-3f18-4676-8ddf-2a7d03c26d17,f70d467e-8781-426e-80e9-a74519d645ea,f70d467e-8781-426e-80e9-a74519d645ea/mandatory/5.webm,mandatory,5,3007,2026-09-07 17:50:12.997589+00,distance
c7d9b87d-5256-4bb8-9e15-5197cf7a1977,a72f7105-fc67-43ec-a806-af62c41d9f20,a72f7105-fc67-43ec-a806-af62c41d9f20/optional/7.webm,optional,7,3063,2026-09-09 05:10:02.639685+00,faster
c99c61f3-3d3e-41cf-b0de-35989636766a,59fc98bd-455d-4d34-aa61-a1344cdff1e1,59fc98bd-455d-4d34-aa61-a1344cdff1e1/mandatory/5.webm,mandatory,5,1216,2026-09-06 07:49:16.752277+00,distance
caaa061e-0dc4-4a0a-99f3-d2baa3d07da1,2c574cb7-1d2b-440f-bf2f-6428bfe6bd07,2c574cb7-1d2b-440f-bf2f-6428bfe6bd07/mandatory/3.webm,mandatory,3,3001,2026-09-07 11:10:11.635874+00,slower
cc8f23f9-51c1-4d18-a0ac-b489933b7cd0,52499bbe-68bc-4e40-86d7-6121e9dfeb24,52499bbe-68bc-4e40-86d7-6121e9dfeb24/optional/6.webm,optional,6,1801,2026-09-11 14:29:02.902436+00,normal
cdf5f546-e1c1-461e-832c-a0e6d47e2993,f1db29b4-a8a1-4283-9397-0d352085da47,f1db29b4-a8a1-4283-9397-0d352085da47/mandatory/3.webm,mandatory,3,1900,2026-09-08 15:07:45.120212+00,slower
ce25cbcb-dd47-4797-93e8-d5f2877b3e30,fe398b09-8619-4849-b515-8b11c24fc7e7,fe398b09-8619-4849-b515-8b11c24fc7e7/mandatory/4.webm,mandatory,4,3001,2026-09-10 09:42:38.302307+00,intonation
ce711759-26df-40ff-9476-1ee43c9bb892,baa8bfbe-be1f-4849-a601-67812dfe2775,baa8bfbe-be1f-4849-a601-67812dfe2775/mandatory/3.webm,mandatory,3,3004,2026-09-07 11:18:02.599667+00,slower
ced6264d-3b34-470e-a5de-7eec9ade6d70,ef518ed6-56c1-4a88-8afe-158ff08a2964,ef518ed6-56c1-4a88-8afe-158ff08a2964/mandatory/4.webm,mandatory,4,1001,2026-09-10 16:18:38.891893+00,intonation
cfb37bc8-7e0b-4b84-9236-f6c21d8ffe95,943069ad-2757-493d-8f94-d7a295137152,943069ad-2757-493d-8f94-d7a295137152/mandatory/2.webm,mandatory,2,3001,2026-09-10 09:28:37.055957+00,faster
cfcd7c82-54cd-4340-abdf-ad334a282f37,5da6fe17-5ed0-43eb-bb94-8a61cc1c37f1,5da6fe17-5ed0-43eb-bb94-8a61cc1c37f1/optional/7.webm,optional,7,3001,2026-09-06 09:42:50.75444+00,faster
d03ae21a-b0a4-4435-8f0c-8d1accc92f3d,7cc1acbc-ea8b-40e5-b702-94a9e42f38b6,7cc1acbc-ea8b-40e5-b702-94a9e42f38b6/mandatory/5.webm,mandatory,5,3029,2026-09-08 15:32:39.250136+00,distance
d06d3fce-d79e-4ef5-92ea-8a031d921afa,84afd2ff-e690-4c06-bb79-c71ad42e6d62,84afd2ff-e690-4c06-bb79-c71ad42e6d62/mandatory/2.webm,mandatory,2,600,2026-09-07 05:46:15.186967+00,faster
d11899cb-4c25-425b-bb90-cf64ebb18b8b,02c153b8-8fb9-4528-8158-8049e257db88,02c153b8-8fb9-4528-8158-8049e257db88/optional/7.webm,optional,7,3005,2026-09-06 10:33:08.568746+00,faster
d11cb2ba-764e-41f5-8218-30f7b0121f0b,2a69429e-6de8-4410-8267-e2185fe3809f,2a69429e-6de8-4410-8267-e2185fe3809f/optional/10.webm,optional,10,3000,2026-09-07 16:15:04.323427+00,distance
d153f1bb-2fea-4a54-84aa-772978f9e890,84afd2ff-e690-4c06-bb79-c71ad42e6d62,84afd2ff-e690-4c06-bb79-c71ad42e6d62/mandatory/1.webm,mandatory,1,3002,2026-09-07 05:46:09.475661+00,normal
d1643a67-e80d-497d-bc89-c4456773d650,d9fa7fff-de38-4adc-b1e3-c27fa4626dfa,d9fa7fff-de38-4adc-b1e3-c27fa4626dfa/optional/6.webm,optional,6,2600,2026-09-06 09:19:08.118155+00,normal
d1722572-7084-4924-8ec1-9879cb3483a2,4234fb4d-064c-484d-88aa-ef5be9c7eabf,4234fb4d-064c-484d-88aa-ef5be9c7eabf/mandatory/4.webm,mandatory,4,3001,2026-09-08 15:52:32.056712+00,intonation
d3756b40-a90a-4f11-a47f-770f7f51e773,2c574cb7-1d2b-440f-bf2f-6428bfe6bd07,2c574cb7-1d2b-440f-bf2f-6428bfe6bd07/mandatory/4.webm,mandatory,4,3001,2026-09-07 11:10:25.910707+00,intonation
d4ef362d-c66b-4b6d-8588-e3dc882ac627,2c214cfb-1bf1-4660-b74b-d804bbfc73d4,2c214cfb-1bf1-4660-b74b-d804bbfc73d4/mandatory/5.webm,mandatory,5,3000,2026-09-07 07:15:47.339577+00,distance
d52b7d3a-a628-4560-98fd-6bc8752662de,879e7e3c-104d-42a3-9f35-5c9bbda44f21,879e7e3c-104d-42a3-9f35-5c9bbda44f21/mandatory/5.webm,mandatory,5,3001,2026-09-10 09:51:32.078118+00,distance
d608c7ad-e8b1-4f21-8a1b-6bd18df5c68e,2c214cfb-1bf1-4660-b74b-d804bbfc73d4,2c214cfb-1bf1-4660-b74b-d804bbfc73d4/optional/7.webm,optional,7,3001,2026-09-07 07:16:17.635923+00,faster
d66cf212-74ab-4aa6-a6a0-0bd30a1d8963,828d3a9d-f15f-4c88-ae48-ba0ba0a5e403,828d3a9d-f15f-4c88-ae48-ba0ba0a5e403/mandatory/5.webm,mandatory,5,3001,2026-09-10 09:55:36.743326+00,distance
d7fa25a3-ab46-42dd-852b-b46a7d9b0637,ef518ed6-56c1-4a88-8afe-158ff08a2964,ef518ed6-56c1-4a88-8afe-158ff08a2964/mandatory/5.webm,mandatory,5,800,2026-09-10 16:18:46.149123+00,distance
d8bf31e7-9004-4063-a7cd-2d377538f889,aca6354d-db66-444b-b95a-b2e6df9361ef,aca6354d-db66-444b-b95a-b2e6df9361ef/mandatory/5.webm,mandatory,5,3007,2026-09-10 09:38:30.335319+00,distance
dd023c2b-c1c8-41ff-8bf6-f1b5ba097b42,f70d467e-8781-426e-80e9-a74519d645ea,f70d467e-8781-426e-80e9-a74519d645ea/mandatory/2.webm,mandatory,2,3005,2026-09-07 17:49:23.163209+00,faster
dd272ab8-8b1d-4794-b128-237cbd5d4cec,2d70cdb6-2e97-4ac9-ae60-daebf846ea60,2d70cdb6-2e97-4ac9-ae60-daebf846ea60/mandatory/4.webm,mandatory,4,3002,2026-09-06 08:55:58.273091+00,intonation
def4a7dc-5d10-4e37-8e03-2757c9b76396,2a69429e-6de8-4410-8267-e2185fe3809f,2a69429e-6de8-4410-8267-e2185fe3809f/mandatory/1.webm,mandatory,1,3002,2026-09-07 16:13:09.706884+00,normal
dfec5f6c-d462-4ba0-bc4c-b18a020f9219,879e7e3c-104d-42a3-9f35-5c9bbda44f21,879e7e3c-104d-42a3-9f35-5c9bbda44f21/mandatory/1.webm,mandatory,1,3000,2026-09-10 09:50:46.843371+00,normal
e0069422-377a-4511-972a-6257545bc9b7,a1f3bee7-082d-458e-8208-b3e808172cee,a1f3bee7-082d-458e-8208-b3e808172cee/mandatory/1.webm,mandatory,1,3001,2026-09-10 09:36:21.189508+00,normal
e04d5991-9ef5-4736-8883-de3b04dce7be,f70d467e-8781-426e-80e9-a74519d645ea,f70d467e-8781-426e-80e9-a74519d645ea/mandatory/4.webm,mandatory,4,3007,2026-09-07 17:49:55.736073+00,intonation
e0c21184-9088-47dc-b0cc-d334fa0a1fbe,64de123c-53a4-4059-957c-92bf29ac468b,64de123c-53a4-4059-957c-92bf29ac468b/mandatory/1.webm,mandatory,1,3001,2026-09-06 08:58:32.085713+00,normal
e21b958d-049f-4a08-9d70-b63e882fd4b9,2a69429e-6de8-4410-8267-e2185fe3809f,2a69429e-6de8-4410-8267-e2185fe3809f/optional/7.webm,optional,7,3000,2026-09-07 16:14:35.205605+00,faster
e282d0e8-1be9-4b98-8d7d-da5341b7aa1e,ddd732c0-fb06-4989-a4ff-e9664d7a7087,ddd732c0-fb06-4989-a4ff-e9664d7a7087/optional/8.webm,optional,8,3001,2026-09-07 07:21:25.829317+00,slower
e5335d41-e79d-4a52-9564-d06dc0486551,f91df7d1-b4c9-46a8-8138-7970be144e7d,f91df7d1-b4c9-46a8-8138-7970be144e7d/mandatory/1.webm,mandatory,1,3001,2026-09-07 01:18:50.214864+00,normal
e5af07ec-40ab-4990-908b-e59f77674e70,ddd732c0-fb06-4989-a4ff-e9664d7a7087,ddd732c0-fb06-4989-a4ff-e9664d7a7087/mandatory/1.webm,mandatory,1,3004,2026-09-07 07:19:54.616136+00,normal
e5f8dd18-5640-4ca8-8b57-57e70f1a6e32,c7d753f1-f749-4a37-8bd5-53dc9bab4fea,c7d753f1-f749-4a37-8bd5-53dc9bab4fea/mandatory/1.webm,mandatory,1,3001,2026-09-08 02:04:34.35678+00,normal
e6f40559-6a74-401f-bb67-59da61290039,59fc98bd-455d-4d34-aa61-a1344cdff1e1,59fc98bd-455d-4d34-aa61-a1344cdff1e1/mandatory/1.webm,mandatory,1,2300,2026-09-06 07:48:35.147056+00,normal
e703301d-09b9-4ea3-bfc9-55457c2a095e,a1f3bee7-082d-458e-8208-b3e808172cee,a1f3bee7-082d-458e-8208-b3e808172cee/mandatory/3.webm,mandatory,3,3001,2026-09-10 09:36:46.851752+00,slower
e87bb422-4e74-423d-9d35-affb3e28cece,81fdbf2e-3612-4678-bf20-f0113528505c,81fdbf2e-3612-4678-bf20-f0113528505c/mandatory/1.webm,mandatory,1,3001,2026-09-06 09:13:46.084115+00,normal
e8e63f9f-887b-4069-b34a-ad9d9369a924,8e25f738-67de-47c3-8986-885244e13042,8e25f738-67de-47c3-8986-885244e13042/mandatory/3.webm,mandatory,3,3001,2026-09-10 09:43:05.49974+00,slower
e8fb2d64-e394-4b06-a094-7f3ae8050c66,2c214cfb-1bf1-4660-b74b-d804bbfc73d4,2c214cfb-1bf1-4660-b74b-d804bbfc73d4/mandatory/2.webm,mandatory,2,3001,2026-09-07 07:15:15.954672+00,faster
e943cf60-1cbd-4ddd-b703-5138b4a19856,64de123c-53a4-4059-957c-92bf29ac468b,64de123c-53a4-4059-957c-92bf29ac468b/mandatory/5.webm,mandatory,5,3000,2026-09-06 08:59:35.328366+00,distance
e98d4d25-b839-41f1-b4ac-e0272e02052b,baa8bfbe-be1f-4849-a601-67812dfe2775,baa8bfbe-be1f-4849-a601-67812dfe2775/mandatory/5.webm,mandatory,5,3008,2026-09-07 11:18:39.461968+00,distance
ea3d247e-e746-4867-9e18-7eb641f71d87,2a24ad90-f292-4321-9baf-081583734e42,2a24ad90-f292-4321-9baf-081583734e42/mandatory/5.webm,mandatory,5,3001,2026-09-10 09:46:40.341863+00,distance
eacf7fbc-7ab5-4629-a86a-e3ebd289e013,5da6fe17-5ed0-43eb-bb94-8a61cc1c37f1,5da6fe17-5ed0-43eb-bb94-8a61cc1c37f1/mandatory/3.webm,mandatory,3,3000,2026-09-06 09:41:54.262119+00,slower
eb59eb25-b025-474d-82a8-a3a6bcb9a7a3,59fc98bd-455d-4d34-aa61-a1344cdff1e1,59fc98bd-455d-4d34-aa61-a1344cdff1e1/mandatory/4.webm,mandatory,4,1913,2026-09-06 07:49:06.822636+00,intonation
eb7db1a3-76e9-40f6-bced-c9bc40030ab4,84afd2ff-e690-4c06-bb79-c71ad42e6d62,84afd2ff-e690-4c06-bb79-c71ad42e6d62/mandatory/4.webm,mandatory,4,3000,2026-09-07 05:46:30.525251+00,intonation
ec21123b-4834-47d7-b0c5-13952ef9a7d0,52499bbe-68bc-4e40-86d7-6121e9dfeb24,52499bbe-68bc-4e40-86d7-6121e9dfeb24/optional/9.webm,optional,9,2901,2026-09-11 14:29:26.681857+00,intonation
ec64d12d-c127-443b-9071-8d86150dd7ba,2e2da424-76f9-4afd-ae75-12a27e00ac73,2e2da424-76f9-4afd-ae75-12a27e00ac73/mandatory/1.webm,mandatory,1,3000,2026-09-06 08:20:19.287425+00,normal
ed7e6d94-8946-4187-a5f1-b3336f004173,52499bbe-68bc-4e40-86d7-6121e9dfeb24,52499bbe-68bc-4e40-86d7-6121e9dfeb24/mandatory/5.webm,mandatory,5,1701,2026-09-11 14:28:48.928767+00,distance
ed9e5d6a-2e46-4c6b-928d-148a537d3bf7,da3b85a1-387b-40d5-a8af-ce10db3ac2c8,da3b85a1-387b-40d5-a8af-ce10db3ac2c8/mandatory/2.webm,mandatory,2,2800,2026-09-07 16:19:37.027482+00,faster
ee3794fc-d6d4-41b2-a925-9738fd7fdadd,5da6fe17-5ed0-43eb-bb94-8a61cc1c37f1,5da6fe17-5ed0-43eb-bb94-8a61cc1c37f1/optional/8.webm,optional,8,3001,2026-09-06 09:42:59.959518+00,slower
efb9d122-87c0-4444-bec1-61628bb1658c,fb6349b1-d747-4268-8dea-5cfe36aa12bf,fb6349b1-d747-4268-8dea-5cfe36aa12bf/mandatory/5.webm,mandatory,5,500,2026-09-06 17:43:26.216342+00,distance
efba85cc-0367-4595-b146-106b04d4a694,335b6d7c-5ded-4be0-b876-09b9508d2265,335b6d7c-5ded-4be0-b876-09b9508d2265/optional/10.webm,optional,10,3000,2026-09-07 05:40:17.681351+00,distance
f09bcd3e-45aa-44f2-a05a-cdf615fff2c8,fe398b09-8619-4849-b515-8b11c24fc7e7,fe398b09-8619-4849-b515-8b11c24fc7e7/mandatory/2.webm,mandatory,2,3000,2026-09-10 09:42:05.432677+00,faster
f0fc3185-9d2a-48a9-9744-bcda61d603f1,335b6d7c-5ded-4be0-b876-09b9508d2265,335b6d7c-5ded-4be0-b876-09b9508d2265/mandatory/4.webm,mandatory,4,3001,2026-09-07 05:38:54.111428+00,intonation
f172c940-9f31-4c80-af86-8c916f16df45,15c65680-cfe5-44e4-ac9b-f8ccd940653d,15c65680-cfe5-44e4-ac9b-f8ccd940653d/mandatory/2.webm,mandatory,2,3001,2026-09-06 18:08:19.746513+00,faster
f292ff6f-b67a-45fc-9496-c3178df86b1f,ddd732c0-fb06-4989-a4ff-e9664d7a7087,ddd732c0-fb06-4989-a4ff-e9664d7a7087/optional/10.webm,optional,10,3007,2026-09-07 07:21:45.331512+00,distance
f2b382d0-5ddd-4344-8114-6d81182917ea,8e25f738-67de-47c3-8986-885244e13042,8e25f738-67de-47c3-8986-885244e13042/mandatory/1.webm,mandatory,1,3001,2026-09-10 09:42:28.191273+00,normal
f36ec1b3-859c-47ad-ada3-1a68a69598e9,263875b0-b8cb-4e7f-a43a-d6e551ee48ed,263875b0-b8cb-4e7f-a43a-d6e551ee48ed/mandatory/4.webm,mandatory,4,3009,2026-09-06 09:13:43.122697+00,intonation
f56f9a86-367f-493d-ab19-5f4c41b8fe91,52499bbe-68bc-4e40-86d7-6121e9dfeb24,52499bbe-68bc-4e40-86d7-6121e9dfeb24/mandatory/3.webm,mandatory,3,2100,2026-09-11 14:28:32.07587+00,slower
f8546594-110d-41ca-b58f-28f127675f55,f1db29b4-a8a1-4283-9397-0d352085da47,f1db29b4-a8a1-4283-9397-0d352085da47/mandatory/4.webm,mandatory,4,1301,2026-09-08 15:07:55.874039+00,intonation
f8973777-6ff9-4598-8a70-4a1bbf2b27e6,fe398b09-8619-4849-b515-8b11c24fc7e7,fe398b09-8619-4849-b515-8b11c24fc7e7/mandatory/3.webm,mandatory,3,3001,2026-09-10 09:42:14.953987+00,slower
fa1b212b-5084-47e3-bf52-f7921c19e124,e9681e48-c642-4a2c-a9b5-7b40b7e261fd,e9681e48-c642-4a2c-a9b5-7b40b7e261fd/mandatory/2.webm,mandatory,2,3001,2026-09-08 14:45:44.818488+00,faster
fa8129a7-8343-4d66-9da6-1bf9ae2b8610,335b6d7c-5ded-4be0-b876-09b9508d2265,335b6d7c-5ded-4be0-b876-09b9508d2265/mandatory/1.webm,mandatory,1,3002,2026-09-07 05:38:14.514547+00,normal
faa3b04e-c334-4470-ba8a-93de6701035b,02c153b8-8fb9-4528-8158-8049e257db88,02c153b8-8fb9-4528-8158-8049e257db88/optional/10.webm,optional,10,3015,2026-09-06 10:33:39.269007+00,distance
fb41a3ff-54f9-441b-a352-fa2185b74417,e9681e48-c642-4a2c-a9b5-7b40b7e261fd,e9681e48-c642-4a2c-a9b5-7b40b7e261fd/mandatory/5.webm,mandatory,5,3001,2026-09-08 14:46:15.274436+00,distance
fc88383e-a705-4ecf-b966-2bc284121a7b,02c153b8-8fb9-4528-8158-8049e257db88,02c153b8-8fb9-4528-8158-8049e257db88/mandatory/3.webm,mandatory,3,3003,2026-09-06 10:32:17.085489+00,slower
fcf52dc1-c4c0-4a7c-9547-54dc4cfca09f,7cc1acbc-ea8b-40e5-b702-94a9e42f38b6,7cc1acbc-ea8b-40e5-b702-94a9e42f38b6/mandatory/3.webm,mandatory,3,3029,2026-09-08 15:32:14.609491+00,slower
fdf414b7-70b6-4d9d-9fa0-9ee0abf37d97,7cc1acbc-ea8b-40e5-b702-94a9e42f38b6,7cc1acbc-ea8b-40e5-b702-94a9e42f38b6/mandatory/4.webm,mandatory,4,3028,2026-09-08 15:32:27.993026+00,intonation
fece7e3b-9b77-4ace-83f4-32027e5415b8,879e7e3c-104d-42a3-9f35-5c9bbda44f21,879e7e3c-104d-42a3-9f35-5c9bbda44f21/mandatory/3.webm,mandatory,3,3000,2026-09-10 09:51:07.81472+00,slower
fed08ca1-a058-4d14-99a7-68d25b136ed1,2c574cb7-1d2b-440f-bf2f-6428bfe6bd07,2c574cb7-1d2b-440f-bf2f-6428bfe6bd07/mandatory/2.webm,mandatory,2,3002,2026-09-07 11:09:52.217188+00,faster