synthetic_filename,source_filename,variant,gain_db,shift_ms,seed
0000_v01.wav,0000.wav,gain,-1.456785,0.0,26172
0000_v02.wav,0000.wav,gain_shift,-1.965455,146.113263,26172
0001_v01.wav,0001.wav,gain,0.370264,0.0,26172
0001_v02.wav,0001.wav,gain_shift,1.790812,-32.643327,26172
0002_v01.wav,0002.wav,gain,-0.50453,0.0,26172
0002_v02.wav,0002.wav,gain_shift,-2.542281,-171.885136,26172
0003_v01.wav,0003.wav,gain,-1.064848,0.0,26172
0003_v02.wav,0003.wav,gain_shift,-1.753704,-31.049278,26172
0004_v01.wav,0004.wav,gain,2.53581,0.0,26172
0004_v02.wav,0004.wav,gain_shift,-0.821231,-38.958992,26172
0005_v01.wav,0005.wav,gain,-2.999097,0.0,26172
0005_v02.wav,0005.wav,gain_shift,-0.861143,-3.08539,26172
0006_v01.wav,0006.wav,gain,-0.570437,0.0,26172
0006_v02.wav,0006.wav,gain_shift,1.798763,-69.173347,26172
0007_v01.wav,0007.wav,gain,-1.83096,0.0,26172
0007_v02.wav,0007.wav,gain_shift,2.713492,-12.694187,26172
0008_v01.wav,0008.wav,gain,-2.2096,0.0,26172
0008_v02.wav,0008.wav,gain_shift,2.820065,-236.700111,26172
0009_v01.wav,0009.wav,gain,-0.567573,0.0,26172
0009_v02.wav,0009.wav,gain_shift,1.355236,-174.180725,26172
0010_v01.wav,0010.wav,gain,2.792234,0.0,26172
0010_v02.wav,0010.wav,gain_shift,0.306712,192.373547,26172
0011_v01.wav,0011.wav,gain,1.969536,0.0,26172
0011_v02.wav,0011.wav,gain_shift,1.886121,-207.419495,26172
0012_v01.wav,0012.wav,gain,2.68193,0.0,26172
0012_v02.wav,0012.wav,gain_shift,-1.238245,145.814368,26172
0013_v01.wav,0013.wav,gain,1.059951,0.0,26172
0013_v02.wav,0013.wav,gain_shift,2.639804,-32.542141,26172
0014_v01.wav,0014.wav,gain,2.345505,0.0,26172
0014_v02.wav,0014.wav,gain_shift,-2.133194,73.809386,26172
0015_v01.wav,0015.wav,gain,0.567697,0.0,26172
0015_v02.wav,0015.wav,gain_shift,1.087612,-78.874464,26172
0016_v01.wav,0016.wav,gain,1.724494,0.0,26172
0016_v02.wav,0016.wav,gain_shift,2.107789,125.087757,26172
0017_v01.wav,0017.wav,gain,2.912067,0.0,26172
0017_v02.wav,0017.wav,gain_shift,0.841164,194.974556,26172
0018_v01.wav,0018.wav,gain,0.708759,0.0,26172
0018_v02.wav,0018.wav,gain_shift,1.132302,184.148949,26172
0019_v01.wav,0019.wav,gain,2.891112,0.0,26172
0019_v02.wav,0019.wav,gain_shift,-1.687437,63.723198,26172
0020_v01.wav,0020.wav,gain,1.852673,0.0,26172
0020_v02.wav,0020.wav,gain_shift,0.408604,-199.08076,26172
0021_v01.wav,0021.wav,gain,-1.949688,0.0,26172
0021_v02.wav,0021.wav,gain_shift,-2.950337,-242.274653,26172
0022_v01.wav,0022.wav,gain,1.929063,0.0,26172
0022_v02.wav,0022.wav,gain_shift,-0.726489,13.227556,26172
0023_v01.wav,0023.wav,gain,1.501646,0.0,26172
0023_v02.wav,0023.wav,gain_shift,0.238454,88.289006,26172
0024_v01.wav,0024.wav,gain,-0.502598,0.0,26172
0024_v02.wav,0024.wav,gain_shift,0.483374,51.691146,26172
0025_v01.wav,0025.wav,gain,-2.201257,0.0,26172
0025_v02.wav,0025.wav,gain_shift,-2.519982,-120.010427,26172
0026_v01.wav,0026.wav,gain,2.95062,0.0,26172
0026_v02.wav,0026.wav,gain_shift,-0.630887,22.176245,26172
0027_v01.wav,0027.wav,gain,-2.180882,0.0,26172
0027_v02.wav,0027.wav,gain_shift,-0.147746,-142.568025,26172
0028_v01.wav,0028.wav,gain,-2.795838,0.0,26172
0028_v02.wav,0028.wav,gain_shift,-2.936747,-205.913887,26172
0029_v01.wav,0029.wav,gain,-0.313658,0.0,26172
0029_v02.wav,0029.wav,gain_shift,2.967758,36.986998,26172
0030_v01.wav,0030.wav,gain,1.502559,0.0,26172
0030_v02.wav,0030.wav,gain_shift,1.114498,-186.441935,26172
0031_v01.wav,0031.wav,gain,0.480964,0.0,26172
0031_v02.wav,0031.wav,gain_shift,1.424915,38.900784,26172
0032_v01.wav,0032.wav,gain,2.706421,0.0,26172
0032_v02.wav,0032.wav,gain_shift,2.956866,-227.456915,26172
0033_v01.wav,0033.wav,gain,0.990849,0.0,26172
0033_v02.wav,0033.wav,gain_shift,0.142309,195.767056,26172
0034_v01.wav,0034.wav,gain,-0.841441,0.0,26172
0034_v02.wav,0034.wav,gain_shift,1.826754,22.433589,26172
0035_v01.wav,0035.wav,gain,0.179661,0.0,26172
0035_v02.wav,0035.wav,gain_shift,-2.317846,-149.754644,26172
0036_v01.wav,0036.wav,gain,-1.488452,0.0,26172
0036_v02.wav,0036.wav,gain_shift,-2.269285,-203.308925,26172
0037_v01.wav,0037.wav,gain,0.859264,0.0,26172
0037_v02.wav,0037.wav,gain_shift,0.035157,218.565897,26172
0038_v01.wav,0038.wav,gain,-0.922389,0.0,26172
0038_v02.wav,0038.wav,gain_shift,2.371453,9.309654,26172
0039_v01.wav,0039.wav,gain,1.083432,0.0,26172
0039_v02.wav,0039.wav,gain_shift,-1.735767,185.281531,26172
0040_v01.wav,0040.wav,gain,2.212103,0.0,26172
0040_v02.wav,0040.wav,gain_shift,0.632786,111.785872,26172
0041_v01.wav,0041.wav,gain,-0.079676,0.0,26172
0041_v02.wav,0041.wav,gain_shift,-2.175529,-178.440806,26172
0042_v01.wav,0042.wav,gain,-1.937207,0.0,26172
0042_v02.wav,0042.wav,gain_shift,-1.544358,241.899902,26172
0043_v01.wav,0043.wav,gain,-1.012929,0.0,26172
0043_v02.wav,0043.wav,gain_shift,-0.526698,62.796171,26172
0044_v01.wav,0044.wav,gain,-1.078718,0.0,26172
0044_v02.wav,0044.wav,gain_shift,-2.363952,215.378128,26172
0045_v01.wav,0045.wav,gain,2.001143,0.0,26172
0045_v02.wav,0045.wav,gain_shift,-1.472074,-108.228534,26172
0046_v01.wav,0046.wav,gain,1.82854,0.0,26172
0046_v02.wav,0046.wav,gain_shift,-0.258063,-214.354528,26172
0047_v01.wav,0047.wav,gain,2.797084,0.0,26172
0047_v02.wav,0047.wav,gain_shift,-2.240954,-227.184772,26172
0048_v01.wav,0048.wav,gain,-0.050486,0.0,26172
0048_v02.wav,0048.wav,gain_shift,1.043112,-57.216267,26172
0049_v01.wav,0049.wav,gain,-1.883383,0.0,26172
0049_v02.wav,0049.wav,gain_shift,0.018498,90.51817,26172
0050_v01.wav,0050.wav,gain,2.861881,0.0,26172
0050_v02.wav,0050.wav,gain_shift,2.941689,-236.125636,26172
0051_v01.wav,0051.wav,gain,-2.541114,0.0,26172
0051_v02.wav,0051.wav,gain_shift,-1.024709,-204.760078,26172
0052_v01.wav,0052.wav,gain,1.477268,0.0,26172
0052_v02.wav,0052.wav,gain_shift,-1.411898,-231.649594,26172
0053_v01.wav,0053.wav,gain,2.383164,0.0,26172
0053_v02.wav,0053.wav,gain_shift,1.629963,231.310144,26172
0054_v01.wav,0054.wav,gain,2.643835,0.0,26172
0054_v02.wav,0054.wav,gain_shift,0.629754,167.03156,26172
0055_v01.wav,0055.wav,gain,2.639237,0.0,26172
0055_v02.wav,0055.wav,gain_shift,1.826691,-34.069223,26172
0056_v01.wav,0056.wav,gain,2.905529,0.0,26172
0056_v02.wav,0056.wav,gain_shift,1.364954,-123.549384,26172
0057_v01.wav,0057.wav,gain,-2.164878,0.0,26172
0057_v02.wav,0057.wav,gain_shift,2.23704,57.253409,26172
0058_v01.wav,0058.wav,gain,-2.054048,0.0,26172
0058_v02.wav,0058.wav,gain_shift,-0.80235,110.306412,26172
0059_v01.wav,0059.wav,gain,1.407316,0.0,26172
0059_v02.wav,0059.wav,gain_shift,-1.690976,143.036156,26172
0060_v01.wav,0060.wav,gain,1.54435,0.0,26172
0060_v02.wav,0060.wav,gain_shift,-2.226114,75.520239,26172
0061_v01.wav,0061.wav,gain,1.787123,0.0,26172
0061_v02.wav,0061.wav,gain_shift,1.405787,-199.598469,26172
0062_v01.wav,0062.wav,gain,2.853772,0.0,26172
0062_v02.wav,0062.wav,gain_shift,0.219359,172.765487,26172
0063_v01.wav,0063.wav,gain,1.747722,0.0,26172
0063_v02.wav,0063.wav,gain_shift,2.104018,16.959705,26172
0064_v01.wav,0064.wav,gain,-1.787932,0.0,26172
0064_v02.wav,0064.wav,gain_shift,-1.894849,241.650088,26172
0065_v01.wav,0065.wav,gain,0.820644,0.0,26172
0065_v02.wav,0065.wav,gain_shift,2.377581,-152.029507,26172
0066_v01.wav,0066.wav,gain,-1.354565,0.0,26172
0066_v02.wav,0066.wav,gain_shift,-0.656557,4.557458,26172
0067_v01.wav,0067.wav,gain,0.289112,0.0,26172
0067_v02.wav,0067.wav,gain_shift,1.371271,129.642653,26172
0068_v01.wav,0068.wav,gain,-2.567638,0.0,26172
0068_v02.wav,0068.wav,gain_shift,-2.157653,-206.855901,26172
0069_v01.wav,0069.wav,gain,-2.412604,0.0,26172
0069_v02.wav,0069.wav,gain_shift,0.837327,185.992214,26172
0070_v01.wav,0070.wav,gain,-1.77837,0.0,26172
0070_v02.wav,0070.wav,gain_shift,1.782323,57.005546,26172
0071_v01.wav,0071.wav,gain,1.066631,0.0,26172
0071_v02.wav,0071.wav,gain_shift,-1.914559,60.326232,26172
0072_v01.wav,0072.wav,gain,-2.562683,0.0,26172
0072_v02.wav,0072.wav,gain_shift,1.499426,-24.809755,26172
0073_v01.wav,0073.wav,gain,-2.713617,0.0,26172
0073_v02.wav,0073.wav,gain_shift,1.604259,-46.638003,26172
0074_v01.wav,0074.wav,gain,-2.310789,0.0,26172
0074_v02.wav,0074.wav,gain_shift,0.123915,-180.895878,26172
0075_v01.wav,0075.wav,gain,0.388747,0.0,26172
0075_v02.wav,0075.wav,gain_shift,0.812506,54.511067,26172
0076_v01.wav,0076.wav,gain,-2.665659,0.0,26172
0076_v02.wav,0076.wav,gain_shift,-1.445833,11.389315,26172
0077_v01.wav,0077.wav,gain,2.153604,0.0,26172
0077_v02.wav,0077.wav,gain_shift,2.564314,170.15793,26172
0078_v01.wav,0078.wav,gain,0.497024,0.0,26172
0078_v02.wav,0078.wav,gain_shift,1.671164,239.326091,26172
0079_v01.wav,0079.wav,gain,-2.6634,0.0,26172
0079_v02.wav,0079.wav,gain_shift,-2.014006,-118.067766,26172
0080_v01.wav,0080.wav,gain,-0.909324,0.0,26172
0080_v02.wav,0080.wav,gain_shift,0.257797,50.000868,26172
0081_v01.wav,0081.wav,gain,1.12305,0.0,26172
0081_v02.wav,0081.wav,gain_shift,2.905106,-113.5078,26172
0082_v01.wav,0082.wav,gain,-2.932552,0.0,26172
0082_v02.wav,0082.wav,gain_shift,-2.741317,-135.271486,26172
0083_v01.wav,0083.wav,gain,2.011103,0.0,26172
0083_v02.wav,0083.wav,gain_shift,-2.399878,123.743601,26172
0084_v01.wav,0084.wav,gain,2.700519,0.0,26172
0084_v02.wav,0084.wav,gain_shift,0.685857,-33.626361,26172
0085_v01.wav,0085.wav,gain,2.554717,0.0,26172
0085_v02.wav,0085.wav,gain_shift,-1.100477,201.170281,26172
0086_v01.wav,0086.wav,gain,-2.483745,0.0,26172
0086_v02.wav,0086.wav,gain_shift,-2.753059,-81.57229,26172
0087_v01.wav,0087.wav,gain,0.122364,0.0,26172
0087_v02.wav,0087.wav,gain_shift,1.399067,122.470753,26172
0088_v01.wav,0088.wav,gain,2.390777,0.0,26172
0088_v02.wav,0088.wav,gain_shift,-0.016894,169.652186,26172
0089_v01.wav,0089.wav,gain,1.127005,0.0,26172
0089_v02.wav,0089.wav,gain_shift,-2.826325,218.47113,26172
0090_v01.wav,0090.wav,gain,0.990525,0.0,26172
0090_v02.wav,0090.wav,gain_shift,0.596296,-5.25034,26172
0091_v01.wav,0091.wav,gain,-2.724981,0.0,26172
0091_v02.wav,0091.wav,gain_shift,-1.099946,-108.437482,26172
0092_v01.wav,0092.wav,gain,2.091548,0.0,26172
0092_v02.wav,0092.wav,gain_shift,-2.873689,-120.803991,26172
0093_v01.wav,0093.wav,gain,-0.94684,0.0,26172
0093_v02.wav,0093.wav,gain_shift,-0.93381,94.071483,26172
0094_v01.wav,0094.wav,gain,-1.262915,0.0,26172
0094_v02.wav,0094.wav,gain_shift,-0.91383,174.44236,26172
0095_v01.wav,0095.wav,gain,-0.904804,0.0,26172
0095_v02.wav,0095.wav,gain_shift,-2.016034,-70.764192,26172
0096_v01.wav,0096.wav,gain,0.395095,0.0,26172
0096_v02.wav,0096.wav,gain_shift,-0.170907,230.416002,26172
0097_v01.wav,0097.wav,gain,2.326028,0.0,26172
0097_v02.wav,0097.wav,gain_shift,2.831422,9.579018,26172
0098_v01.wav,0098.wav,gain,1.651571,0.0,26172
0098_v02.wav,0098.wav,gain_shift,0.58124,88.117638,26172
0099_v01.wav,0099.wav,gain,2.751515,0.0,26172
0099_v02.wav,0099.wav,gain_shift,2.822212,214.745316,26172
0100_v01.wav,0100.wav,gain,2.55848,0.0,26172
0100_v02.wav,0100.wav,gain_shift,1.767398,-227.785434,26172
0101_v01.wav,0101.wav,gain,0.440756,0.0,26172
0101_v02.wav,0101.wav,gain_shift,1.719752,-92.513057,26172
0102_v01.wav,0102.wav,gain,1.078667,0.0,26172
0102_v02.wav,0102.wav,gain_shift,0.70445,-176.839147,26172
0103_v01.wav,0103.wav,gain,2.945364,0.0,26172
0103_v02.wav,0103.wav,gain_shift,-2.857879,169.700565,26172
0104_v01.wav,0104.wav,gain,-0.489125,0.0,26172
0104_v02.wav,0104.wav,gain_shift,2.558103,-231.445458,26172
0105_v01.wav,0105.wav,gain,1.098492,0.0,26172
0105_v02.wav,0105.wav,gain_shift,-1.266928,-128.748218,26172
0106_v01.wav,0106.wav,gain,0.306976,0.0,26172
0106_v02.wav,0106.wav,gain_shift,2.158499,-145.244747,26172
0107_v01.wav,0107.wav,gain,-0.680764,0.0,26172
0107_v02.wav,0107.wav,gain_shift,-1.201354,-139.228528,26172
0108_v01.wav,0108.wav,gain,2.721689,0.0,26172
0108_v02.wav,0108.wav,gain_shift,0.326892,-124.118021,26172
0109_v01.wav,0109.wav,gain,-1.440541,0.0,26172
0109_v02.wav,0109.wav,gain_shift,-0.573518,-212.818105,26172
0110_v01.wav,0110.wav,gain,2.476527,0.0,26172
0110_v02.wav,0110.wav,gain_shift,-0.338766,-189.678659,26172
0111_v01.wav,0111.wav,gain,-1.578437,0.0,26172
0111_v02.wav,0111.wav,gain_shift,-2.696449,-111.563603,26172
0112_v01.wav,0112.wav,gain,0.239503,0.0,26172
0112_v02.wav,0112.wav,gain_shift,-2.576035,247.442234,26172
0113_v01.wav,0113.wav,gain,1.799013,0.0,26172
0113_v02.wav,0113.wav,gain_shift,-2.804077,-38.865677,26172
0114_v01.wav,0114.wav,gain,-2.787436,0.0,26172
0114_v02.wav,0114.wav,gain_shift,0.543434,128.902646,26172
0115_v01.wav,0115.wav,gain,-1.907177,0.0,26172
0115_v02.wav,0115.wav,gain_shift,-1.595343,-192.428029,26172
0116_v01.wav,0116.wav,gain,1.386789,0.0,26172
0116_v02.wav,0116.wav,gain_shift,-2.590694,-186.451582,26172
0117_v01.wav,0117.wav,gain,1.396169,0.0,26172
0117_v02.wav,0117.wav,gain_shift,-2.514316,30.6801,26172
0118_v01.wav,0118.wav,gain,1.866534,0.0,26172
0118_v02.wav,0118.wav,gain_shift,-1.549466,71.718252,26172
0119_v01.wav,0119.wav,gain,-1.243561,0.0,26172
0119_v02.wav,0119.wav,gain_shift,-2.704827,86.053518,26172
0120_v01.wav,0120.wav,gain,-2.403097,0.0,26172
0120_v02.wav,0120.wav,gain_shift,1.873716,-244.750381,26172
