synthetic_filename,source_filename,background_filename,variant,gain_db,snr_db,shift_ms,reverb,seed
0000_v01.wav,0000.wav,0000.wav,gain_noise,-1.456785,16.724242,0.0,False,26172
0000_v02.wav,0000.wav,,shift_reverb,0.0,,14.810547,True,26172
0001_v01.wav,0001.wav,0001.wav,gain_noise,1.790812,19.347133,0.0,False,26172
0001_v02.wav,0001.wav,,shift_reverb,0.0,,-101.691239,True,26172
0002_v01.wav,0002.wav,0002.wav,gain_noise,-2.062622,18.225253,0.0,False,26172
0002_v02.wav,0002.wav,,shift_reverb,0.0,,-14.903653,True,26172
0003_v01.wav,0003.wav,0003.wav,gain_noise,2.53581,18.631282,0.0,False,26172
0003_v02.wav,0003.wav,,shift_reverb,0.0,,-119.963884,True,26172
0004_v01.wav,0004.wav,0004.wav,gain_noise,-0.861143,19.938292,0.0,False,26172
0004_v02.wav,0004.wav,,shift_reverb,0.0,,71.950526,True,26172
0005_v01.wav,0005.wav,0005.wav,gain_noise,-0.83008,16.9484,0.0,False,26172
0005_v02.wav,0005.wav,,shift_reverb,0.0,,-6.09321,True,26172
0006_v01.wav,0006.wav,0006.wav,gain_noise,-2.2096,24.700108,0.0,False,26172
0006_v02.wav,0006.wav,,shift_reverb,0.0,,-22.702919,True,26172
0007_v01.wav,0007.wav,0007.wav,gain_noise,1.355236,16.516385,0.0,False,26172
0007_v02.wav,0007.wav,,shift_reverb,0.0,,12.268499,True,26172
0008_v01.wav,0008.wav,0008.wav,gain_noise,2.308483,23.28256,0.0,False,26172
0008_v02.wav,0008.wav,,shift_reverb,0.0,,-99.561358,True,26172
0009_v01.wav,0009.wav,0009.wav,gain_noise,2.68193,17.936258,0.0,False,26172
0009_v02.wav,0009.wav,,shift_reverb,0.0,,42.398041,True,26172
0010_v01.wav,0010.wav,0010.wav,gain_noise,2.639804,19.349157,0.0,False,26172
0010_v02.wav,0010.wav,,shift_reverb,0.0,,-85.327772,True,26172
0011_v01.wav,0011.wav,0011.wav,gain_noise,0.885713,20.946162,0.0,False,26172
0011_v02.wav,0011.wav,,shift_reverb,0.0,,-37.859743,True,26172
0012_v01.wav,0012.wav,0012.wav,gain_noise,1.724494,23.512982,0.0,False,26172
0012_v02.wav,0012.wav,,shift_reverb,0.0,,116.482673,True,26172
0013_v01.wav,0013.wav,0013.wav,gain_noise,0.841164,23.899491,0.0,False,26172
0013_v02.wav,0013.wav,,shift_reverb,0.0,,45.292099,True,26172
0014_v01.wav,0014.wav,0014.wav,gain_noise,2.209787,24.81852,0.0,False,26172
0014_v02.wav,0014.wav,,shift_reverb,0.0,,30.587135,True,26172
0015_v01.wav,0015.wav,0015.wav,gain_noise,1.852673,20.681007,0.0,False,26172
0015_v02.wav,0015.wav,,shift_reverb,0.0,,-77.987512,True,26172
0016_v01.wav,0016.wav,0016.wav,gain_noise,-2.950337,15.154507,0.0,False,26172
0016_v02.wav,0016.wav,,shift_reverb,0.0,,-29.059562,True,26172
0017_v01.wav,0017.wav,0017.wav,gain_noise,0.158731,22.502743,0.0,False,26172
0017_v02.wav,0017.wav,,shift_reverb,0.0,,42.378723,True,26172
0018_v01.wav,0018.wav,0018.wav,gain_noise,-0.502598,20.805623,0.0,False,26172
0018_v02.wav,0018.wav,,shift_reverb,0.0,,-88.050292,True,26172
0019_v01.wav,0019.wav,0019.wav,gain_noise,-2.519982,17.599791,0.0,False,26172
0019_v02.wav,0019.wav,,shift_reverb,0.0,,-25.235473,True,26172
0020_v01.wav,0020.wav,0020.wav,gain_noise,0.266115,16.365197,0.0,False,26172
0020_v02.wav,0020.wav,,shift_reverb,0.0,,-68.432652,True,26172
0021_v01.wav,0021.wav,0021.wav,gain_noise,-2.795838,15.105421,0.0,False,26172
0021_v02.wav,0021.wav,,shift_reverb,0.0,,-12.546302,True,26172
0022_v01.wav,0022.wav,0022.wav,gain_noise,2.967758,20.73974,0.0,False,26172
0022_v02.wav,0022.wav,,shift_reverb,0.0,,44.579925,True,26172
0023_v01.wav,0023.wav,0023.wav,gain_noise,-2.237303,20.801606,0.0,False,26172
0023_v02.wav,0023.wav,,shift_reverb,0.0,,18.672376,True,26172
0024_v01.wav,0024.wav,0024.wav,gain_noise,2.706421,24.92811,0.0,False,26172
0024_v02.wav,0024.wav,,shift_reverb,0.0,,39.633967,True,26172
0025_v01.wav,0025.wav,0025.wav,gain_noise,0.142309,23.915341,0.0,False,26172
0025_v02.wav,0025.wav,,shift_reverb,0.0,,73.070167,True,26172
0026_v01.wav,0026.wav,0026.wav,gain_noise,0.269203,20.299436,0.0,False,26172
0026_v02.wav,0026.wav,,shift_reverb,0.0,,-71.882229,True,26172
0027_v01.wav,0027.wav,0027.wav,gain_noise,-1.488452,16.217858,0.0,False,26172
0027_v02.wav,0027.wav,,shift_reverb,0.0,,34.37057,True,26172
0028_v01.wav,0028.wav,0028.wav,gain_noise,0.035157,24.371318,0.0,False,26172
0028_v02.wav,0028.wav,,shift_reverb,0.0,,94.858118,True,26172
0029_v01.wav,0029.wav,0029.wav,gain_noise,0.111716,21.80572,0.0,False,26172
0029_v02.wav,0029.wav,,shift_reverb,0.0,,88.935135,True,26172
0030_v01.wav,0030.wav,0030.wav,gain_noise,2.212103,21.054643,0.0,False,26172
0030_v02.wav,0030.wav,,shift_reverb,0.0,,-3.187058,True,26172
0031_v01.wav,0031.wav,0031.wav,gain_noise,-2.175529,16.431184,0.0,False,26172
0031_v02.wav,0031.wav,,shift_reverb,0.0,,-61.774323,True,26172
0032_v01.wav,0032.wav,0032.wav,gain_noise,2.902799,18.311784,0.0,False,26172
0032_v02.wav,0032.wav,,shift_reverb,0.0,,30.142162,True,26172
0033_v01.wav,0033.wav,0033.wav,gain_noise,-1.078718,16.060081,0.0,False,26172
0033_v02.wav,0033.wav,,shift_reverb,0.0,,80.045718,True,26172
0034_v01.wav,0034.wav,0034.wav,gain_noise,-1.472074,17.835429,0.0,False,26172
0034_v02.wav,0034.wav,,shift_reverb,0.0,,-10.322517,True,26172
0035_v01.wav,0035.wav,0035.wav,gain_noise,-2.572254,24.661807,0.0,False,26172
0035_v02.wav,0035.wav,,shift_reverb,0.0,,-109.04869,True,26172
0036_v01.wav,0036.wav,0036.wav,gain_noise,-0.050486,21.73852,0.0,False,26172
0036_v02.wav,0036.wav,,shift_reverb,0.0,,-75.335313,True,26172
0037_v01.wav,0037.wav,0037.wav,gain_noise,0.018498,21.810363,0.0,False,26172
0037_v02.wav,0037.wav,,shift_reverb,0.0,,117.667564,True,26172
0038_v01.wav,0038.wav,0038.wav,gain_noise,-2.833508,15.764811,0.0,False,26172
0038_v02.wav,0038.wav,,shift_reverb,0.0,,-98.284837,True,26172
0039_v01.wav,0039.wav,0039.wav,gain_noise,1.477268,17.646837,0.0,False,26172
0039_v02.wav,0039.wav,,shift_reverb,0.0,,95.326551,True,26172
0040_v01.wav,0040.wav,0040.wav,gain_noise,1.629963,24.626203,0.0,False,26172
0040_v02.wav,0040.wav,,shift_reverb,0.0,,25.190178,True,26172
0041_v01.wav,0041.wav,0041.wav,gain_noise,2.004379,24.398729,0.0,False,26172
0041_v02.wav,0041.wav,,shift_reverb,0.0,,-16.353227,True,26172
0042_v01.wav,0042.wav,0042.wav,gain_noise,2.905529,22.274923,0.0,False,26172
0042_v02.wav,0042.wav,,shift_reverb,0.0,,-86.595133,True,26172
0043_v01.wav,0043.wav,0043.wav,gain_noise,2.23704,21.145068,0.0,False,26172
0043_v02.wav,0043.wav,,shift_reverb,0.0,,-32.093985,True,26172
0044_v01.wav,0044.wav,0044.wav,gain_noise,1.323677,22.345526,0.0,False,26172
0044_v02.wav,0044.wav,,shift_reverb,0.0,,68.657355,True,26172
0045_v01.wav,0045.wav,0045.wav,gain_noise,1.54435,16.289809,0.0,False,26172
0045_v02.wav,0045.wav,,shift_reverb,0.0,,71.484935,True,26172
0046_v01.wav,0046.wav,0046.wav,gain_noise,1.405787,16.008031,0.0,False,26172
0046_v02.wav,0046.wav,,shift_reverb,0.0,,8.774347,True,26172
0047_v01.wav,0047.wav,0047.wav,gain_noise,2.073186,22.91287,0.0,False,26172
0047_v02.wav,0047.wav,,shift_reverb,0.0,,8.140659,True,26172
0048_v01.wav,0048.wav,0048.wav,gain_noise,-1.787932,16.841918,0.0,False,26172
0048_v02.wav,0048.wav,,shift_reverb,0.0,,32.825747,True,26172
0049_v01.wav,0049.wav,0049.wav,gain_noise,2.377581,16.95941,0.0,False,26172
0049_v02.wav,0049.wav,,shift_reverb,0.0,,-26.262281,True,26172
0050_v01.wav,0050.wav,0050.wav,gain_noise,0.054689,20.481853,0.0,False,26172
0050_v02.wav,0050.wav,,shift_reverb,0.0,,62.228473,True,26172
0051_v01.wav,0051.wav,0051.wav,gain_noise,-2.567638,16.403912,0.0,False,26172
0051_v02.wav,0051.wav,,shift_reverb,0.0,,-96.504178,True,26172
0052_v01.wav,0052.wav,0052.wav,gain_noise,0.837327,23.719844,0.0,False,26172
0052_v02.wav,0052.wav,,shift_reverb,0.0,,71.292917,True,26172
0053_v01.wav,0053.wav,0053.wav,gain_noise,0.684067,21.777719,0.0,False,26172
0053_v02.wav,0053.wav,,shift_reverb,0.0,,28.956591,True,26172
0054_v01.wav,0054.wav,0054.wav,gain_noise,-2.562683,22.499044,0.0,False,26172
0054_v02.wav,0054.wav,,shift_reverb,0.0,,-108.544684,True,26172
0055_v01.wav,0055.wav,0055.wav,gain_noise,1.604259,19.06724,0.0,False,26172
0055_v02.wav,0055.wav,,shift_reverb,0.0,,4.956587,True,26172
0056_v01.wav,0056.wav,0056.wav,gain_noise,-2.170751,20.647912,0.0,False,26172
0056_v02.wav,0056.wav,,shift_reverb,0.0,,26.165312,True,26172
0057_v01.wav,0057.wav,0057.wav,gain_noise,-2.665659,17.590278,0.0,False,26172
0057_v02.wav,0057.wav,,shift_reverb,0.0,,86.144154,True,26172
0058_v01.wav,0058.wav,0058.wav,gain_noise,2.564314,23.403159,0.0,False,26172
0058_v02.wav,0058.wav,,shift_reverb,0.0,,66.846555,True,26172
0059_v01.wav,0059.wav,0059.wav,gain_noise,2.871913,15.561,0.0,False,26172
0059_v02.wav,0059.wav,,shift_reverb,0.0,,-56.672528,True,26172
0060_v01.wav,0060.wav,0060.wav,gain_noise,-0.909324,20.429662,0.0,False,26172
0060_v02.wav,0060.wav,,shift_reverb,0.0,,44.922005,True,26172
0061_v01.wav,0061.wav,0061.wav,gain_noise,2.905106,17.729844,0.0,False,26172
0061_v02.wav,0061.wav,,shift_reverb,0.0,,-109.652681,True,26172
0062_v01.wav,0062.wav,0062.wav,gain_noise,-1.623258,23.351838,0.0,False,26172
0062_v02.wav,0062.wav,,shift_reverb,0.0,,59.396928,True,26172
0063_v01.wav,0063.wav,0063.wav,gain_noise,2.700519,21.143095,0.0,False,26172
0063_v02.wav,0063.wav,,shift_reverb,0.0,,102.188699,True,26172
0064_v01.wav,0064.wav,0064.wav,gain_noise,-1.100477,24.023406,0.0,False,26172
0064_v02.wav,0064.wav,,shift_reverb,0.0,,-110.122369,True,26172
0065_v01.wav,0065.wav,0065.wav,gain_noise,-0.978867,20.20394,0.0,False,26172
0065_v02.wav,0065.wav,,shift_reverb,0.0,,58.785961,True,26172
0066_v01.wav,0066.wav,0066.wav,gain_noise,2.390777,19.971844,0.0,False,26172
0066_v02.wav,0066.wav,,shift_reverb,0.0,,45.080203,True,26172
0067_v01.wav,0067.wav,0067.wav,gain_noise,-2.826325,24.369423,0.0,False,26172
0067_v02.wav,0067.wav,,shift_reverb,0.0,,23.851854,True,26172
0068_v01.wav,0068.wav,0068.wav,gain_noise,-0.063004,15.458365,0.0,False,26172
0068_v02.wav,0068.wav,,shift_reverb,0.0,,-52.049991,True,26172
0069_v01.wav,0069.wav,0069.wav,gain_noise,2.091548,15.210519,0.0,False,26172
0069_v02.wav,0069.wav,,shift_reverb,0.0,,-37.87359,True,26172
0070_v01.wav,0070.wav,0070.wav,gain_noise,-0.93381,21.88143,0.0,False,26172
0070_v02.wav,0070.wav,,shift_reverb,0.0,,-36.553187,True,26172
0071_v01.wav,0071.wav,0071.wav,gain_noise,2.093308,18.491994,0.0,False,26172
0071_v02.wav,0071.wav,,shift_reverb,0.0,,-33.966812,True,26172
0072_v01.wav,0072.wav,0072.wav,gain_noise,0.395095,19.715155,0.0,False,26172
0072_v02.wav,0072.wav,,shift_reverb,0.0,,93.041122,True,26172
0073_v01.wav,0073.wav,0073.wav,gain_noise,2.831422,20.19158,0.0,False,26172
0073_v02.wav,0073.wav,,shift_reverb,0.0,,23.249606,True,26172
0074_v01.wav,0074.wav,0074.wav,gain_noise,1.057412,24.585859,0.0,False,26172
0074_v02.wav,0074.wav,,shift_reverb,0.0,,103.077752,True,26172
0075_v01.wav,0075.wav,0075.wav,gain_noise,2.55848,22.945663,0.0,False,26172
0075_v02.wav,0075.wav,,shift_reverb,0.0,,17.630225,True,26172
0076_v01.wav,0076.wav,0076.wav,gain_noise,1.719752,18.149739,0.0,False,26172
0076_v02.wav,0076.wav,,shift_reverb,0.0,,28.177992,True,26172
0077_v01.wav,0077.wav,0077.wav,gain_noise,-2.12207,24.90894,0.0,False,26172
0077_v02.wav,0077.wav,,shift_reverb,0.0,,81.456271,True,26172
0078_v01.wav,0078.wav,0078.wav,gain_noise,-0.489125,24.263504,0.0,False,26172
0078_v02.wav,0078.wav,,shift_reverb,0.0,,43.939676,True,26172
0079_v01.wav,0079.wav,0079.wav,gain_noise,-1.266928,17.425036,0.0,False,26172
0079_v02.wav,0079.wav,,shift_reverb,0.0,,86.339969,True,26172
0080_v01.wav,0080.wav,0080.wav,gain_noise,-1.742937,18.865393,0.0,False,26172
0080_v02.wav,0080.wav,,shift_reverb,0.0,,-66.829693,True,26172
0081_v01.wav,0081.wav,0081.wav,gain_noise,2.721689,20.54482,0.0,False,26172
0081_v02.wav,0081.wav,,shift_reverb,0.0,,-57.621647,True,26172
0082_v01.wav,0082.wav,0082.wav,gain_noise,-0.573518,15.743638,0.0,False,26172
0082_v02.wav,0082.wav,,shift_reverb,0.0,,-13.550644,True,26172
0083_v01.wav,0083.wav,0083.wav,gain_noise,-2.276144,17.369272,0.0,False,26172
0083_v02.wav,0083.wav,,shift_reverb,0.0,,-53.55053,True,26172
0084_v01.wav,0084.wav,0084.wav,gain_noise,0.239503,15.706608,0.0,False,26172
0084_v02.wav,0084.wav,,shift_reverb,0.0,,71.960509,True,26172
0085_v01.wav,0085.wav,0085.wav,gain_noise,-2.804077,19.222686,0.0,False,26172
0085_v02.wav,0085.wav,,shift_reverb,0.0,,21.737377,True,26172
0086_v01.wav,0086.wav,0086.wav,gain_noise,1.546832,16.821371,0.0,False,26172
0086_v02.wav,0086.wav,,shift_reverb,0.0,,-92.365454,True,26172
0087_v01.wav,0087.wav,0087.wav,gain_noise,1.386789,15.682177,0.0,False,26172
0087_v02.wav,0087.wav,,shift_reverb,0.0,,55.846756,True,26172
0088_v01.wav,0088.wav,0088.wav,gain_noise,-2.514316,20.613602,0.0,False,26172
0088_v02.wav,0088.wav,,shift_reverb,0.0,,-61.978626,True,26172
0089_v01.wav,0089.wav,0089.wav,gain_noise,0.860619,17.927398,0.0,False,26172
0089_v02.wav,0089.wav,,shift_reverb,0.0,,41.305689,True,26172
0090_v01.wav,0090.wav,0090.wav,gain_noise,-2.403097,23.122859,0.0,False,26172
0090_v02.wav,0090.wav,,shift_reverb,0.0,,-98.51385,True,26172
0091_v01.wav,0091.wav,0091.wav,gain_noise,-2.191769,17.83597,0.0,False,26172
0091_v02.wav,0091.wav,,shift_reverb,0.0,,-73.762783,True,26172
0092_v01.wav,0092.wav,0092.wav,gain_noise,0.10646,15.658558,0.0,False,26172
0092_v02.wav,0092.wav,,shift_reverb,0.0,,44.774863,True,26172
0093_v01.wav,0093.wav,0093.wav,gain_noise,-1.715969,23.658162,0.0,False,26172
0093_v02.wav,0093.wav,,shift_reverb,0.0,,65.363981,True,26172
0094_v01.wav,0094.wav,0094.wav,gain_noise,-1.857757,19.312798,0.0,False,26172
0094_v02.wav,0094.wav,,shift_reverb,0.0,,52.462114,True,26172
0095_v01.wav,0095.wav,0095.wav,gain_noise,1.958789,16.486939,0.0,False,26172
0095_v02.wav,0095.wav,,shift_reverb,0.0,,-43.509822,True,26172
0096_v01.wav,0096.wav,0096.wav,gain_noise,0.593492,22.705183,0.0,False,26172
0096_v02.wav,0096.wav,,shift_reverb,0.0,,39.964938,True,26172
0097_v01.wav,0097.wav,0097.wav,gain_noise,0.177166,17.788042,0.0,False,26172
0097_v02.wav,0097.wav,,shift_reverb,0.0,,42.931746,True,26172
0098_v01.wav,0098.wav,0098.wav,gain_noise,0.535353,18.652688,0.0,False,26172
0098_v02.wav,0098.wav,,shift_reverb,0.0,,76.975432,True,26172
0099_v01.wav,0099.wav,0099.wav,gain_noise,1.861111,16.186376,0.0,False,26172
0099_v02.wav,0099.wav,,shift_reverb,0.0,,32.935642,True,26172
0100_v01.wav,0100.wav,0100.wav,gain_noise,2.712527,22.932418,0.0,False,26172
0100_v02.wav,0100.wav,,shift_reverb,0.0,,-13.697796,True,26172
0101_v01.wav,0101.wav,0101.wav,gain_noise,1.842891,17.70335,0.0,False,26172
0101_v02.wav,0101.wav,,shift_reverb,0.0,,93.476367,True,26172
0102_v01.wav,0102.wav,0102.wav,gain_noise,0.505162,19.340591,0.0,False,26172
0102_v02.wav,0102.wav,,shift_reverb,0.0,,36.098448,True,26172
0103_v01.wav,0103.wav,0103.wav,gain_noise,2.615239,21.774479,0.0,False,26172
0103_v02.wav,0103.wav,,shift_reverb,0.0,,-24.986296,True,26172
0104_v01.wav,0104.wav,0104.wav,gain_noise,0.42964,24.114343,0.0,False,26172
0104_v02.wav,0104.wav,,shift_reverb,0.0,,82.975219,True,26172
0105_v01.wav,0105.wav,0105.wav,gain_noise,-1.432857,23.88824,0.0,False,26172
0105_v02.wav,0105.wav,,shift_reverb,0.0,,-75.049713,True,26172
0106_v01.wav,0106.wav,0106.wav,gain_noise,0.302123,18.045081,0.0,False,26172
0106_v02.wav,0106.wav,,shift_reverb,0.0,,62.677509,True,26172
0107_v01.wav,0107.wav,0107.wav,gain_noise,-1.417981,24.465227,0.0,False,26172
0107_v02.wav,0107.wav,,shift_reverb,0.0,,-35.130589,True,26172
0108_v01.wav,0108.wav,0108.wav,gain_noise,-0.946152,22.345377,0.0,False,26172
0108_v02.wav,0108.wav,,shift_reverb,0.0,,-17.664903,True,26172
0109_v01.wav,0109.wav,0109.wav,gain_noise,-0.656069,21.358228,0.0,False,26172
0109_v02.wav,0109.wav,,shift_reverb,0.0,,8.281222,True,26172
0110_v01.wav,0110.wav,0110.wav,gain_noise,1.358337,24.297394,0.0,False,26172
0110_v02.wav,0110.wav,,shift_reverb,0.0,,92.424434,True,26172
0111_v01.wav,0111.wav,0111.wav,gain_noise,2.821824,17.676359,0.0,False,26172
0111_v02.wav,0111.wav,,shift_reverb,0.0,,-99.362753,True,26172
0112_v01.wav,0112.wav,0112.wav,gain_noise,-0.026633,21.604379,0.0,False,26172
0112_v02.wav,0112.wav,,shift_reverb,0.0,,-104.17513,True,26172
0113_v01.wav,0113.wav,0113.wav,gain_noise,-0.396496,16.737572,0.0,False,26172
0113_v02.wav,0113.wav,,shift_reverb,0.0,,8.85776,True,26172
0114_v01.wav,0114.wav,0114.wav,gain_noise,-0.563954,20.738093,0.0,False,26172
0114_v02.wav,0114.wav,,shift_reverb,0.0,,104.327527,True,26172
0115_v01.wav,0115.wav,0115.wav,gain_noise,-2.348694,20.865414,0.0,False,26172
0115_v02.wav,0115.wav,,shift_reverb,0.0,,-17.1223,True,26172
0116_v01.wav,0116.wav,0116.wav,gain_noise,-1.8425,22.351357,0.0,False,26172
0116_v02.wav,0116.wav,,shift_reverb,0.0,,51.845719,True,26172
0117_v01.wav,0117.wav,0117.wav,gain_noise,1.914003,15.458622,0.0,False,26172
0117_v02.wav,0117.wav,,shift_reverb,0.0,,97.468174,True,26172
0118_v01.wav,0118.wav,0118.wav,gain_noise,2.513382,24.348588,0.0,False,26172
0118_v02.wav,0118.wav,,shift_reverb,0.0,,23.461688,True,26172
0119_v01.wav,0119.wav,0119.wav,gain_noise,1.642115,24.421483,0.0,False,26172
0119_v02.wav,0119.wav,,shift_reverb,0.0,,79.683045,True,26172
0120_v01.wav,0120.wav,0120.wav,gain_noise,-2.74405,15.211579,0.0,False,26172
0120_v02.wav,0120.wav,,shift_reverb,0.0,,-70.779746,True,26172
