src_path,source,segment_index,split
C:\Users\Anshika\voice_ml\dataset\raw\background_noise\pink_033.wav,pink,33,train
C:\Users\Anshika\voice_ml\dataset\raw\background_noise\white_007.wav,white,7,train
C:\Users\Anshika\voice_ml\dataset\raw\background_noise\dishes_010.wav,dishes,10,train
C:\Users\Anshika\voice_ml\dataset\raw\background_noise\bike_028.wav,bike,28,train
C:\Users\Anshika\voice_ml\dataset\raw\background_noise\pink_000.wav,pink,0,train
C:\Users\Anshika\voice_ml\dataset\raw\background_noise\white_031.wav,white,31,train
C:\Users\Anshika\voice_ml\dataset\raw\background_noise\dishes_030.wav,dishes,30,train
C:\Users\Anshika\voice_ml\dataset\raw\background_noise\tap_023.wav,tap,23,train
C:\Users\Anshika\voice_ml\dataset\raw\background_noise\miaow_011.wav,miaow,11,train
C:\Users\Anshika\voice_ml\dataset\raw\background_noise\white_025.wav,white,25,train
C:\Users\Anshika\voice_ml\dataset\raw\background_noise\white_026.wav,white,26,train
C:\Users\Anshika\voice_ml\dataset\raw\background_noise\miaow_032.wav,miaow,32,train
C:\Users\Anshika\voice_ml\dataset\raw\background_noise\bike_030.wav,bike,30,train
C:\Users\Anshika\voice_ml\dataset\raw\background_noise\dishes_000.wav,dishes,0,train
C:\Users\Anshika\voice_ml\dataset\raw\background_noise\white_041.wav,white,41,train
C:\Users\Anshika\voice_ml\dataset\raw\background_noise\miaow_009.wav,miaow,9,train
C:\Users\Anshika\voice_ml\dataset\raw\background_noise\miaow_005.wav,miaow,5,train
C:\Users\Anshika\voice_ml\dataset\raw\background_noise\dishes_025.wav,dishes,25,train
C:\Users\Anshika\voice_ml\dataset\raw\background_noise\white_011.wav,white,11,train
C:\Users\Anshika\voice_ml\dataset\raw\background_noise\tap_004.wav,tap,4,train
C:\Users\Anshika\voice_ml\dataset\raw\background_noise\miaow_021.wav,miaow,21,train
C:\Users\Anshika\voice_ml\dataset\raw\background_noise\bike_019.wav,bike,19,train
C:\Users\Anshika\voice_ml\dataset\raw\background_noise\dishes_004.wav,dishes,4,train
C:\Users\Anshika\voice_ml\dataset\raw\background_noise\white_000.wav,white,0,train
C:\Users\Anshika\voice_ml\dataset\raw\background_noise\bike_006.wav,bike,6,train
C:\Users\Anshika\voice_ml\dataset\raw\background_noise\dishes_019.wav,dishes,19,train
C:\Users\Anshika\voice_ml\dataset\raw\background_noise\pink_025.wav,pink,25,train
C:\Users\Anshika\voice_ml\dataset\raw\background_noise\miaow_012.wav,miaow,12,train
C:\Users\Anshika\voice_ml\dataset\raw\background_noise\bike_014.wav,bike,14,train
C:\Users\Anshika\voice_ml\dataset\raw\background_noise\white_037.wav,white,37,train
C:\Users\Anshika\voice_ml\dataset\raw\background_noise\dishes_029.wav,dishes,29,train
C:\Users\Anshika\voice_ml\dataset\raw\background_noise\miaow_029.wav,miaow,29,train
C:\Users\Anshika\voice_ml\dataset\raw\background_noise\tap_019.wav,tap,19,train
C:\Users\Anshika\voice_ml\dataset\raw\background_noise\tap_005.wav,tap,5,train
C:\Users\Anshika\voice_ml\dataset\raw\background_noise\dishes_006.wav,dishes,6,train
C:\Users\Anshika\voice_ml\dataset\raw\background_noise\pink_014.wav,pink,14,train
C:\Users\Anshika\voice_ml\dataset\raw\background_noise\tap_014.wav,tap,14,train
C:\Users\Anshika\voice_ml\dataset\raw\background_noise\bike_034.wav,bike,34,train
C:\Users\Anshika\voice_ml\dataset\raw\background_noise\white_013.wav,white,13,train
C:\Users\Anshika\voice_ml\dataset\raw\background_noise\miaow_016.wav,miaow,16,train
C:\Users\Anshika\voice_ml\dataset\raw\background_noise\pink_028.wav,pink,28,train
C:\Users\Anshika\voice_ml\dataset\raw\background_noise\miaow_040.wav,miaow,40,train
C:\Users\Anshika\voice_ml\dataset\raw\background_noise\white_008.wav,white,8,train
C:\Users\Anshika\voice_ml\dataset\raw\background_noise\miaow_041.wav,miaow,41,train
C:\Users\Anshika\voice_ml\dataset\raw\background_noise\miaow_036.wav,miaow,36,train
C:\Users\Anshika\voice_ml\dataset\raw\background_noise\dishes_041.wav,dishes,41,train
C:\Users\Anshika\voice_ml\dataset\raw\background_noise\miaow_025.wav,miaow,25,train
C:\Users\Anshika\voice_ml\dataset\raw\background_noise\bike_033.wav,bike,33,train
C:\Users\Anshika\voice_ml\dataset\raw\background_noise\pink_021.wav,pink,21,train
C:\Users\Anshika\voice_ml\dataset\raw\background_noise\dishes_033.wav,dishes,33,train
C:\Users\Anshika\voice_ml\dataset\raw\background_noise\miaow_035.wav,miaow,35,train
C:\Users\Anshika\voice_ml\dataset\raw\background_noise\white_030.wav,white,30,train
C:\Users\Anshika\voice_ml\dataset\raw\background_noise\pink_031.wav,pink,31,train
C:\Users\Anshika\voice_ml\dataset\raw\background_noise\miaow_031.wav,miaow,31,train
C:\Users\Anshika\voice_ml\dataset\raw\background_noise\white_040.wav,white,40,train
C:\Users\Anshika\voice_ml\dataset\raw\background_noise\tap_040.wav,tap,40,train
C:\Users\Anshika\voice_ml\dataset\raw\background_noise\dishes_034.wav,dishes,34,train
C:\Users\Anshika\voice_ml\dataset\raw\background_noise\bike_012.wav,bike,12,train
C:\Users\Anshika\voice_ml\dataset\raw\background_noise\white_028.wav,white,28,train
C:\Users\Anshika\voice_ml\dataset\raw\background_noise\white_034.wav,white,34,train
C:\Users\Anshika\voice_ml\dataset\raw\background_noise\dishes_023.wav,dishes,23,train
C:\Users\Anshika\voice_ml\dataset\raw\background_noise\tap_039.wav,tap,39,train
C:\Users\Anshika\voice_ml\dataset\raw\background_noise\tap_013.wav,tap,13,train
C:\Users\Anshika\voice_ml\dataset\raw\background_noise\pink_018.wav,pink,18,train
C:\Users\Anshika\voice_ml\dataset\raw\background_noise\pink_004.wav,pink,4,train
C:\Users\Anshika\voice_ml\dataset\raw\background_noise\tap_015.wav,tap,15,train
C:\Users\Anshika\voice_ml\dataset\raw\background_noise\bike_027.wav,bike,27,train
C:\Users\Anshika\voice_ml\dataset\raw\background_noise\bike_026.wav,bike,26,train
C:\Users\Anshika\voice_ml\dataset\raw\background_noise\tap_028.wav,tap,28,train
C:\Users\Anshika\voice_ml\dataset\raw\background_noise\tap_009.wav,tap,9,train
C:\Users\Anshika\voice_ml\dataset\raw\background_noise\miaow_000.wav,miaow,0,train
C:\Users\Anshika\voice_ml\dataset\raw\background_noise\tap_038.wav,tap,38,train
C:\Users\Anshika\voice_ml\dataset\raw\background_noise\tap_036.wav,tap,36,train
C:\Users\Anshika\voice_ml\dataset\raw\background_noise\pink_036.wav,pink,36,train
C:\Users\Anshika\voice_ml\dataset\raw\background_noise\pink_005.wav,pink,5,train
C:\Users\Anshika\voice_ml\dataset\raw\background_noise\miaow_004.wav,miaow,4,train
C:\Users\Anshika\voice_ml\dataset\raw\background_noise\dishes_037.wav,dishes,37,train
C:\Users\Anshika\voice_ml\dataset\raw\background_noise\tap_033.wav,tap,33,train
C:\Users\Anshika\voice_ml\dataset\raw\background_noise\pink_027.wav,pink,27,train
C:\Users\Anshika\voice_ml\dataset\raw\background_noise\pink_022.wav,pink,22,train
C:\Users\Anshika\voice_ml\dataset\raw\background_noise\white_016.wav,white,16,train
C:\Users\Anshika\voice_ml\dataset\raw\background_noise\tap_024.wav,tap,24,train
C:\Users\Anshika\voice_ml\dataset\raw\background_noise\dishes_011.wav,dishes,11,train
C:\Users\Anshika\voice_ml\dataset\raw\background_noise\dishes_002.wav,dishes,2,train
C:\Users\Anshika\voice_ml\dataset\raw\background_noise\dishes_013.wav,dishes,13,train
C:\Users\Anshika\voice_ml\dataset\raw\background_noise\tap_031.wav,tap,31,train
C:\Users\Anshika\voice_ml\dataset\raw\background_noise\bike_008.wav,bike,8,train
C:\Users\Anshika\voice_ml\dataset\raw\background_noise\white_017.wav,white,17,train
C:\Users\Anshika\voice_ml\dataset\raw\background_noise\tap_041.wav,tap,41,train
C:\Users\Anshika\voice_ml\dataset\raw\background_noise\dishes_001.wav,dishes,1,train
C:\Users\Anshika\voice_ml\dataset\raw\background_noise\white_024.wav,white,24,train
C:\Users\Anshika\voice_ml\dataset\raw\background_noise\bike_036.wav,bike,36,train
C:\Users\Anshika\voice_ml\dataset\raw\background_noise\dishes_036.wav,dishes,36,train
C:\Users\Anshika\voice_ml\dataset\raw\background_noise\white_005.wav,white,5,train
C:\Users\Anshika\voice_ml\dataset\raw\background_noise\bike_000.wav,bike,0,train
C:\Users\Anshika\voice_ml\dataset\raw\background_noise\miaow_034.wav,miaow,34,train
C:\Users\Anshika\voice_ml\dataset\raw\background_noise\miaow_030.wav,miaow,30,train
C:\Users\Anshika\voice_ml\dataset\raw\background_noise\tap_032.wav,tap,32,train
C:\Users\Anshika\voice_ml\dataset\raw\background_noise\pink_040.wav,pink,40,train
C:\Users\Anshika\voice_ml\dataset\raw\background_noise\pink_039.wav,pink,39,train
C:\Users\Anshika\voice_ml\dataset\raw\background_noise\bike_024.wav,bike,24,train
C:\Users\Anshika\voice_ml\dataset\raw\background_noise\bike_022.wav,bike,22,train
C:\Users\Anshika\voice_ml\dataset\raw\background_noise\tap_017.wav,tap,17,train
C:\Users\Anshika\voice_ml\dataset\raw\background_noise\bike_023.wav,bike,23,train
C:\Users\Anshika\voice_ml\dataset\raw\background_noise\bike_011.wav,bike,11,train
C:\Users\Anshika\voice_ml\dataset\raw\background_noise\pink_037.wav,pink,37,train
C:\Users\Anshika\voice_ml\dataset\raw\background_noise\pink_015.wav,pink,15,train
C:\Users\Anshika\voice_ml\dataset\raw\background_noise\miaow_007.wav,miaow,7,train
C:\Users\Anshika\voice_ml\dataset\raw\background_noise\bike_040.wav,bike,40,train
C:\Users\Anshika\voice_ml\dataset\raw\background_noise\tap_030.wav,tap,30,train
C:\Users\Anshika\voice_ml\dataset\raw\background_noise\miaow_015.wav,miaow,15,train
C:\Users\Anshika\voice_ml\dataset\raw\background_noise\dishes_016.wav,dishes,16,train
C:\Users\Anshika\voice_ml\dataset\raw\background_noise\white_039.wav,white,39,train
C:\Users\Anshika\voice_ml\dataset\raw\background_noise\bike_038.wav,bike,38,train
C:\Users\Anshika\voice_ml\dataset\raw\background_noise\pink_011.wav,pink,11,train
C:\Users\Anshika\voice_ml\dataset\raw\background_noise\white_033.wav,white,33,train
C:\Users\Anshika\voice_ml\dataset\raw\background_noise\dishes_009.wav,dishes,9,train
C:\Users\Anshika\voice_ml\dataset\raw\background_noise\bike_029.wav,bike,29,train
C:\Users\Anshika\voice_ml\dataset\raw\background_noise\pink_012.wav,pink,12,train
C:\Users\Anshika\voice_ml\dataset\raw\background_noise\pink_013.wav,pink,13,train
C:\Users\Anshika\voice_ml\dataset\raw\background_noise\pink_035.wav,pink,35,train
C:\Users\Anshika\voice_ml\dataset\raw\background_noise\pink_044.wav,pink,44,val
C:\Users\Anshika\voice_ml\dataset\raw\background_noise\bike_049.wav,bike,49,val
C:\Users\Anshika\voice_ml\dataset\raw\background_noise\tap_050.wav,tap,50,val
C:\Users\Anshika\voice_ml\dataset\raw\background_noise\white_047.wav,white,47,val
C:\Users\Anshika\voice_ml\dataset\raw\background_noise\miaow_048.wav,miaow,48,val
C:\Users\Anshika\voice_ml\dataset\raw\background_noise\tap_049.wav,tap,49,val
C:\Users\Anshika\voice_ml\dataset\raw\background_noise\bike_045.wav,bike,45,val
C:\Users\Anshika\voice_ml\dataset\raw\background_noise\white_045.wav,white,45,val
C:\Users\Anshika\voice_ml\dataset\raw\background_noise\dishes_048.wav,dishes,48,val
C:\Users\Anshika\voice_ml\dataset\raw\background_noise\tap_048.wav,tap,48,val
C:\Users\Anshika\voice_ml\dataset\raw\background_noise\miaow_044.wav,miaow,44,val
C:\Users\Anshika\voice_ml\dataset\raw\background_noise\tap_047.wav,tap,47,val
C:\Users\Anshika\voice_ml\dataset\raw\background_noise\white_050.wav,white,50,val
C:\Users\Anshika\voice_ml\dataset\raw\background_noise\dishes_045.wav,dishes,45,val
C:\Users\Anshika\voice_ml\dataset\raw\background_noise\miaow_042.wav,miaow,42,val
C:\Users\Anshika\voice_ml\dataset\raw\background_noise\dishes_050.wav,dishes,50,val
C:\Users\Anshika\voice_ml\dataset\raw\background_noise\pink_049.wav,pink,49,val
C:\Users\Anshika\voice_ml\dataset\raw\background_noise\dishes_049.wav,dishes,49,val
C:\Users\Anshika\voice_ml\dataset\raw\background_noise\miaow_045.wav,miaow,45,val
C:\Users\Anshika\voice_ml\dataset\raw\background_noise\white_048.wav,white,48,val
C:\Users\Anshika\voice_ml\dataset\raw\background_noise\pink_043.wav,pink,43,val
C:\Users\Anshika\voice_ml\dataset\raw\background_noise\bike_048.wav,bike,48,val
C:\Users\Anshika\voice_ml\dataset\raw\background_noise\pink_045.wav,pink,45,val
C:\Users\Anshika\voice_ml\dataset\raw\background_noise\dishes_047.wav,dishes,47,val
C:\Users\Anshika\voice_ml\dataset\raw\background_noise\miaow_046.wav,miaow,46,val
C:\Users\Anshika\voice_ml\dataset\raw\background_noise\bike_046.wav,bike,46,val
C:\Users\Anshika\voice_ml\dataset\raw\background_noise\tap_051.wav,tap,51,test
C:\Users\Anshika\voice_ml\dataset\raw\background_noise\bike_059.wav,bike,59,test
C:\Users\Anshika\voice_ml\dataset\raw\background_noise\miaow_054.wav,miaow,54,test
C:\Users\Anshika\voice_ml\dataset\raw\background_noise\pink_051.wav,pink,51,test
C:\Users\Anshika\voice_ml\dataset\raw\background_noise\bike_053.wav,bike,53,test
C:\Users\Anshika\voice_ml\dataset\raw\background_noise\dishes_055.wav,dishes,55,test
C:\Users\Anshika\voice_ml\dataset\raw\background_noise\dishes_059.wav,dishes,59,test
C:\Users\Anshika\voice_ml\dataset\raw\background_noise\miaow_058.wav,miaow,58,test
C:\Users\Anshika\voice_ml\dataset\raw\background_noise\white_057.wav,white,57,test
C:\Users\Anshika\voice_ml\dataset\raw\background_noise\pink_054.wav,pink,54,test
C:\Users\Anshika\voice_ml\dataset\raw\background_noise\dishes_051.wav,dishes,51,test
C:\Users\Anshika\voice_ml\dataset\raw\background_noise\tap_055.wav,tap,55,test
C:\Users\Anshika\voice_ml\dataset\raw\background_noise\pink_058.wav,pink,58,test
C:\Users\Anshika\voice_ml\dataset\raw\background_noise\miaow_055.wav,miaow,55,test
C:\Users\Anshika\voice_ml\dataset\raw\background_noise\white_058.wav,white,58,test
C:\Users\Anshika\voice_ml\dataset\raw\background_noise\tap_054.wav,tap,54,test
C:\Users\Anshika\voice_ml\dataset\raw\background_noise\pink_057.wav,pink,57,test
C:\Users\Anshika\voice_ml\dataset\raw\background_noise\miaow_051.wav,miaow,51,test
C:\Users\Anshika\voice_ml\dataset\raw\background_noise\bike_054.wav,bike,54,test
C:\Users\Anshika\voice_ml\dataset\raw\background_noise\dishes_054.wav,dishes,54,test
C:\Users\Anshika\voice_ml\dataset\raw\background_noise\white_059.wav,white,59,test
C:\Users\Anshika\voice_ml\dataset\raw\background_noise\tap_053.wav,tap,53,test
C:\Users\Anshika\voice_ml\dataset\raw\background_noise\bike_056.wav,bike,56,test
C:\Users\Anshika\voice_ml\dataset\raw\background_noise\dishes_057.wav,dishes,57,test
C:\Users\Anshika\voice_ml\dataset\raw\background_noise\bike_058.wav,bike,58,test
C:\Users\Anshika\voice_ml\dataset\raw\background_noise\white_055.wav,white,55,test
