filename,duration_sec,noise_floor_db,threshold_db,speech_onset_sec,speech_offset_sec,speech_span_sec,leading_silence_sec,trailing_silence_sec,detected
02c153b8-8fb9-4528-8158-8049e257db88_mandatory_3.wav,3.0,-43.34,-33.34,0.34,1.64,1.3,0.34,1.36,True
02c153b8-8fb9-4528-8158-8049e257db88_mandatory_4.wav,3.0,-47.94,-37.94,0.67,1.96,1.29,0.67,1.04,True
02c153b8-8fb9-4528-8158-8049e257db88_mandatory_5.wav,3.0,-49.99,-39.99,0.5,1.5,1.0,0.5,1.5,True
02c153b8-8fb9-4528-8158-8049e257db88_optional_10.wav,3.0,-48.11,-38.11,0.4,1.55,1.15,0.4,1.45,True
02c153b8-8fb9-4528-8158-8049e257db88_optional_6.wav,3.0,-48.97,-38.97,0.79,1.8,1.01,0.79,1.2,True
02c153b8-8fb9-4528-8158-8049e257db88_optional_7.wav,3.0,-49.72,-39.72,0.82,1.78,0.96,0.82,1.22,True
02c153b8-8fb9-4528-8158-8049e257db88_optional_8.wav,3.0,-46.95,-36.95,0.25,1.57,1.32,0.25,1.43,True
02c153b8-8fb9-4528-8158-8049e257db88_optional_9.wav,3.0,-49.6,-39.6,0.0,1.11,1.11,0.0,1.89,True
054b38c0-8e14-4bd8-a649-2e2c5f3d389e_mandatory_1.wav,3.0,-55.74,-45.74,1.05,2.39,1.34,1.05,0.61,True
054b38c0-8e14-4bd8-a649-2e2c5f3d389e_mandatory_2.wav,3.0,-54.74,-44.74,0.49,1.37,0.88,0.49,1.63,True
054b38c0-8e14-4bd8-a649-2e2c5f3d389e_mandatory_3.wav,3.0,-51.43,-41.43,0.95,2.42,1.47,0.95,0.58,True
054b38c0-8e14-4bd8-a649-2e2c5f3d389e_mandatory_4.wav,3.0,-52.85,-42.85,0.48,1.46,0.98,0.48,1.54,True
054b38c0-8e14-4bd8-a649-2e2c5f3d389e_mandatory_5.wav,3.0,-49.41,-39.41,0.84,1.94,1.1,0.84,1.06,True
15c65680-cfe5-44e4-ac9b-f8ccd940653d_mandatory_1.wav,3.0,-120.0,-110.0,0.87,2.2,1.33,0.87,0.8,True
1c231685-30ef-4e9a-a881-ed8b63c6f1b6_mandatory_1.wav,3.0,-100.36,-90.36,0.0,2.4,2.4,0.0,0.6,True
1c231685-30ef-4e9a-a881-ed8b63c6f1b6_mandatory_5.wav,2.94,-60.67,-50.67,0.0,2.44,2.44,0.0,0.5,True
263875b0-b8cb-4e7f-a43a-d6e551ee48ed_mandatory_1.wav,3.0,-66.07,-56.07,1.35,2.79,1.44,1.35,0.21,True
263875b0-b8cb-4e7f-a43a-d6e551ee48ed_mandatory_2.wav,2.94,-66.33,-56.33,1.18,2.48,1.3,1.18,0.46,True
263875b0-b8cb-4e7f-a43a-d6e551ee48ed_mandatory_3.wav,2.94,-66.11,-56.11,1.47,2.9,1.43,1.47,0.04,True
263875b0-b8cb-4e7f-a43a-d6e551ee48ed_mandatory_4.wav,3.0,-65.28,-55.28,1.04,3.0,1.96,1.04,0.0,True
263875b0-b8cb-4e7f-a43a-d6e551ee48ed_mandatory_5.wav,3.0,-65.07,-55.07,0.81,2.14,1.33,0.81,0.86,True
2a24ad90-f292-4321-9baf-081583734e42_mandatory_2.wav,3.0,-75.69,-65.69,0.42,2.62,2.2,0.42,0.38,True
2a24ad90-f292-4321-9baf-081583734e42_mandatory_3.wav,2.94,-75.22,-65.22,0.43,2.71,2.28,0.43,0.23,True
2a24ad90-f292-4321-9baf-081583734e42_mandatory_5.wav,3.0,-84.05,-74.05,0.5,2.41,1.91,0.5,0.59,True
2a69429e-6de8-4410-8267-e2185fe3809f_optional_10.wav,3.0,-120.0,-110.0,0.97,3.0,2.03,0.97,0.0,True
2a69429e-6de8-4410-8267-e2185fe3809f_optional_6.wav,3.0,-120.0,-110.0,0.68,2.23,1.55,0.68,0.77,True
2a69429e-6de8-4410-8267-e2185fe3809f_optional_7.wav,2.94,-120.0,-110.0,0.74,2.71,1.97,0.74,0.23,True
2a69429e-6de8-4410-8267-e2185fe3809f_optional_8.wav,3.0,-120.0,-110.0,0.63,2.31,1.68,0.63,0.69,True
2a69429e-6de8-4410-8267-e2185fe3809f_optional_9.wav,2.94,-120.0,-110.0,0.79,2.32,1.53,0.79,0.62,True
2b017ac3-bbec-4db3-8402-8f942b24becd_mandatory_2.wav,3.0,-97.97,-87.97,0.0,2.82,2.82,0.0,0.18,True
2b017ac3-bbec-4db3-8402-8f942b24becd_mandatory_3.wav,3.0,-105.5,-95.5,0.19,2.53,2.34,0.19,0.47,True
2b017ac3-bbec-4db3-8402-8f942b24becd_mandatory_4.wav,3.0,-96.16,-86.16,0.4,3.0,2.6,0.4,0.0,True
2b017ac3-bbec-4db3-8402-8f942b24becd_mandatory_5.wav,3.0,-96.07,-86.07,0.0,2.77,2.77,0.0,0.23,True
2c214cfb-1bf1-4660-b74b-d804bbfc73d4_mandatory_1.wav,3.0,-120.0,-110.0,0.83,2.11,1.28,0.83,0.89,True
2c214cfb-1bf1-4660-b74b-d804bbfc73d4_mandatory_2.wav,3.0,-120.0,-110.0,0.49,1.64,1.15,0.49,1.36,True
2c214cfb-1bf1-4660-b74b-d804bbfc73d4_mandatory_3.wav,3.0,-120.0,-110.0,0.89,3.0,2.11,0.89,0.0,True
2c214cfb-1bf1-4660-b74b-d804bbfc73d4_mandatory_4.wav,3.0,-120.0,-110.0,0.35,2.33,1.98,0.35,0.67,True
2c214cfb-1bf1-4660-b74b-d804bbfc73d4_mandatory_5.wav,3.0,-120.0,-110.0,0.69,2.42,1.73,0.69,0.58,True
2c214cfb-1bf1-4660-b74b-d804bbfc73d4_optional_10.wav,3.0,-120.0,-110.0,0.0,2.95,2.95,0.0,0.05,True
2c214cfb-1bf1-4660-b74b-d804bbfc73d4_optional_6.wav,3.0,-120.0,-110.0,0.14,2.24,2.1,0.14,0.76,True
2c214cfb-1bf1-4660-b74b-d804bbfc73d4_optional_7.wav,2.94,-120.0,-110.0,0.6,2.13,1.53,0.6,0.81,True
2c214cfb-1bf1-4660-b74b-d804bbfc73d4_optional_8.wav,3.0,-120.0,-110.0,0.87,3.0,2.13,0.87,0.0,True
2c214cfb-1bf1-4660-b74b-d804bbfc73d4_optional_9.wav,3.0,-120.0,-110.0,0.5,2.7,2.2,0.5,0.3,True
2c574cb7-1d2b-440f-bf2f-6428bfe6bd07_mandatory_1.wav,3.0,-120.0,-110.0,1.44,2.64,1.2,1.44,0.36,True
2c574cb7-1d2b-440f-bf2f-6428bfe6bd07_mandatory_3.wav,3.0,-120.0,-110.0,0.71,2.41,1.7,0.71,0.59,True
2c574cb7-1d2b-440f-bf2f-6428bfe6bd07_mandatory_4.wav,3.0,-120.0,-110.0,0.86,2.47,1.61,0.86,0.53,True
2c574cb7-1d2b-440f-bf2f-6428bfe6bd07_mandatory_5.wav,3.0,-120.0,-110.0,0.89,2.26,1.37,0.89,0.74,True
2c574cb7-1d2b-440f-bf2f-6428bfe6bd07_optional_10.wav,2.94,-120.0,-110.0,0.92,2.2,1.28,0.92,0.74,True
2c574cb7-1d2b-440f-bf2f-6428bfe6bd07_optional_6.wav,3.0,-120.0,-110.0,0.0,2.06,2.06,0.0,0.94,True
2c574cb7-1d2b-440f-bf2f-6428bfe6bd07_optional_7.wav,3.0,-120.0,-110.0,0.75,3.0,2.25,0.75,0.0,True
2c574cb7-1d2b-440f-bf2f-6428bfe6bd07_optional_8.wav,3.0,-120.0,-110.0,0.84,2.26,1.42,0.84,0.74,True
2c574cb7-1d2b-440f-bf2f-6428bfe6bd07_optional_9.wav,3.0,-120.0,-110.0,0.47,2.15,1.68,0.47,0.85,True
2d70cdb6-2e97-4ac9-ae60-daebf846ea60_mandatory_1.wav,3.0,-120.0,-110.0,0.9,2.1,1.2,0.9,0.9,True
2d70cdb6-2e97-4ac9-ae60-daebf846ea60_mandatory_2.wav,3.0,-120.0,-110.0,0.96,1.98,1.02,0.96,1.02,True
2d70cdb6-2e97-4ac9-ae60-daebf846ea60_mandatory_3.wav,3.0,-120.0,-110.0,0.77,2.98,2.21,0.77,0.02,True
2d70cdb6-2e97-4ac9-ae60-daebf846ea60_mandatory_4.wav,3.0,-78.66,-68.66,0.0,2.72,2.72,0.0,0.28,True
2d70cdb6-2e97-4ac9-ae60-daebf846ea60_mandatory_5.wav,3.0,-120.0,-110.0,0.7,2.99,2.29,0.7,0.01,True
2d70cdb6-2e97-4ac9-ae60-daebf846ea60_optional_6.wav,2.94,-120.0,-110.0,0.67,1.76,1.09,0.67,1.18,True
2d80737c-f830-4ec6-9dfe-a6fcc805d9ee_mandatory_1.wav,3.0,-120.0,-110.0,0.72,2.52,1.8,0.72,0.48,True
2d80737c-f830-4ec6-9dfe-a6fcc805d9ee_mandatory_2.wav,3.0,-120.0,-110.0,0.84,2.0,1.16,0.84,1.0,True
2d80737c-f830-4ec6-9dfe-a6fcc805d9ee_mandatory_3.wav,3.0,-120.0,-110.0,1.05,2.45,1.4,1.05,0.55,True
2d80737c-f830-4ec6-9dfe-a6fcc805d9ee_mandatory_4.wav,3.0,-120.0,-110.0,1.02,2.69,1.67,1.02,0.31,True
2d80737c-f830-4ec6-9dfe-a6fcc805d9ee_mandatory_5.wav,3.0,-120.0,-110.0,0.68,2.13,1.45,0.68,0.87,True
2e2da424-76f9-4afd-ae75-12a27e00ac73_mandatory_1.wav,3.0,-120.0,-110.0,0.76,2.16,1.4,0.76,0.84,True
2e2da424-76f9-4afd-ae75-12a27e00ac73_mandatory_2.wav,3.0,-120.0,-110.0,0.64,2.89,2.25,0.64,0.11,True
2e2da424-76f9-4afd-ae75-12a27e00ac73_mandatory_3.wav,3.0,-120.0,-110.0,0.09,2.37,2.28,0.09,0.63,True
2e2da424-76f9-4afd-ae75-12a27e00ac73_mandatory_4.wav,3.0,-120.0,-110.0,0.0,2.67,2.67,0.0,0.33,True
2e2da424-76f9-4afd-ae75-12a27e00ac73_mandatory_5.wav,3.0,-120.0,-110.0,0.07,2.02,1.95,0.07,0.98,True
335b6d7c-5ded-4be0-b876-09b9508d2265_mandatory_1.wav,3.0,-60.62,-50.62,1.23,2.5,1.27,1.23,0.5,True
335b6d7c-5ded-4be0-b876-09b9508d2265_mandatory_3.wav,3.0,-66.6,-56.6,0.77,2.39,1.62,0.77,0.61,True
335b6d7c-5ded-4be0-b876-09b9508d2265_mandatory_4.wav,3.0,-72.25,-62.25,0.95,2.79,1.84,0.95,0.21,True
335b6d7c-5ded-4be0-b876-09b9508d2265_mandatory_5.wav,3.0,-71.31,-61.31,1.21,3.0,1.79,1.21,0.0,True
335b6d7c-5ded-4be0-b876-09b9508d2265_optional_10.wav,3.0,-71.5,-61.5,1.11,2.26,1.15,1.11,0.74,True
335b6d7c-5ded-4be0-b876-09b9508d2265_optional_6.wav,2.16,-120.0,-110.0,0.0,1.96,1.96,0.0,0.2,True
335b6d7c-5ded-4be0-b876-09b9508d2265_optional_7.wav,3.0,-72.36,-62.36,0.83,1.85,1.02,0.83,1.15,True
335b6d7c-5ded-4be0-b876-09b9508d2265_optional_8.wav,3.0,-69.76,-59.76,1.09,2.85,1.76,1.09,0.15,True
335b6d7c-5ded-4be0-b876-09b9508d2265_optional_9.wav,3.0,-72.28,-62.28,1.03,2.12,1.09,1.03,0.88,True
4234fb4d-064c-484d-88aa-ef5be9c7eabf_mandatory_4.wav,3.0,-120.0,-110.0,0.58,1.69,1.11,0.58,1.31,True
4234fb4d-064c-484d-88aa-ef5be9c7eabf_mandatory_5.wav,2.94,-120.0,-110.0,0.79,2.94,2.15,0.79,0.0,True
47f64db2-16aa-4904-94c9-bab3f0095a28_mandatory_1.wav,3.0,-66.96,-56.96,0.6,3.0,2.4,0.6,0.0,True
47f64db2-16aa-4904-94c9-bab3f0095a28_mandatory_2.wav,3.0,-76.49,-66.49,0.48,2.83,2.35,0.48,0.17,True
47f64db2-16aa-4904-94c9-bab3f0095a28_mandatory_4.wav,3.0,-72.93,-62.93,0.34,3.0,2.66,0.34,0.0,True
47f64db2-16aa-4904-94c9-bab3f0095a28_mandatory_5.wav,2.94,-79.44,-69.44,0.67,2.94,2.27,0.67,0.0,True
52499bbe-68bc-4e40-86d7-6121e9dfeb24_mandatory_2.wav,1.44,-48.31,-38.31,0.33,1.37,1.04,0.33,0.07,True
52499bbe-68bc-4e40-86d7-6121e9dfeb24_mandatory_3.wav,2.16,-52.71,-42.71,0.54,1.9,1.36,0.54,0.26,True
52499bbe-68bc-4e40-86d7-6121e9dfeb24_mandatory_4.wav,2.76,-59.46,-49.46,0.25,2.08,1.83,0.25,0.68,True
52499bbe-68bc-4e40-86d7-6121e9dfeb24_optional_7.wav,1.62,-56.23,-46.23,0.54,1.49,0.95,0.54,0.13,True
52499bbe-68bc-4e40-86d7-6121e9dfeb24_optional_8.wav,1.98,-60.03,-50.03,0.59,1.9,1.31,0.59,0.08,True
52499bbe-68bc-4e40-86d7-6121e9dfeb24_optional_9.wav,2.94,-59.77,-49.77,0.65,2.51,1.86,0.65,0.43,True
5da6fe17-5ed0-43eb-bb94-8a61cc1c37f1_mandatory_2.wav,3.0,-120.0,-110.0,0.85,3.0,2.15,0.85,0.0,True
5da6fe17-5ed0-43eb-bb94-8a61cc1c37f1_mandatory_3.wav,3.0,-120.0,-110.0,1.0,2.57,1.57,1.0,0.43,True
5da6fe17-5ed0-43eb-bb94-8a61cc1c37f1_mandatory_4.wav,2.94,-120.0,-110.0,0.08,2.47,2.39,0.08,0.47,True
5da6fe17-5ed0-43eb-bb94-8a61cc1c37f1_mandatory_5.wav,3.0,-105.57,-95.57,0.45,3.0,2.55,0.45,0.0,True
5da6fe17-5ed0-43eb-bb94-8a61cc1c37f1_optional_10.wav,3.0,-120.0,-110.0,0.66,2.34,1.68,0.66,0.66,True
5da6fe17-5ed0-43eb-bb94-8a61cc1c37f1_optional_6.wav,3.0,-86.4,-76.4,0.68,3.0,2.32,0.68,0.0,True
5da6fe17-5ed0-43eb-bb94-8a61cc1c37f1_optional_7.wav,3.0,-120.0,-110.0,0.89,2.63,1.74,0.89,0.37,True
5da6fe17-5ed0-43eb-bb94-8a61cc1c37f1_optional_8.wav,3.0,-120.0,-110.0,0.37,3.0,2.63,0.37,0.0,True
5da6fe17-5ed0-43eb-bb94-8a61cc1c37f1_optional_9.wav,3.0,-120.0,-110.0,0.73,2.33,1.6,0.73,0.67,True
64de123c-53a4-4059-957c-92bf29ac468b_mandatory_1.wav,2.94,-120.0,-110.0,0.71,2.94,2.23,0.71,0.0,True
64de123c-53a4-4059-957c-92bf29ac468b_mandatory_2.wav,3.0,-115.32,-105.32,0.06,3.0,2.94,0.06,0.0,True
64de123c-53a4-4059-957c-92bf29ac468b_mandatory_3.wav,2.94,-120.0,-110.0,0.9,2.94,2.04,0.9,0.0,True
64de123c-53a4-4059-957c-92bf29ac468b_mandatory_4.wav,3.0,-120.0,-110.0,0.01,3.0,2.99,0.01,0.0,True
64de123c-53a4-4059-957c-92bf29ac468b_mandatory_5.wav,3.0,-120.0,-110.0,0.01,3.0,2.99,0.01,0.0,True
73b51835-9a81-46f6-968e-6d3f2d58a323_mandatory_1.wav,3.0171,-64.71,-54.71,0.32,1.96,1.64,0.32,1.0571,True
73b51835-9a81-46f6-968e-6d3f2d58a323_mandatory_3.wav,3.0404,-55.14,-45.14,0.33,3.04,2.71,0.33,0.0004,True
73b51835-9a81-46f6-968e-6d3f2d58a323_mandatory_4.wav,3.0404,-50.74,-40.74,0.11,2.62,2.51,0.11,0.4204,True
73b51835-9a81-46f6-968e-6d3f2d58a323_mandatory_5.wav,3.0404,-58.01,-48.01,0.02,3.04,3.02,0.02,0.0004,True
81fdbf2e-3612-4678-bf20-f0113528505c_mandatory_1.wav,3.0,-105.21,-95.21,1.37,2.94,1.57,1.37,0.06,True
81fdbf2e-3612-4678-bf20-f0113528505c_mandatory_2.wav,2.94,-97.64,-87.64,0.76,2.45,1.69,0.76,0.49,True
81fdbf2e-3612-4678-bf20-f0113528505c_mandatory_3.wav,2.94,-101.38,-91.38,0.66,2.07,1.41,0.66,0.87,True
81fdbf2e-3612-4678-bf20-f0113528505c_optional_6.wav,2.94,-97.6,-87.6,1.12,2.52,1.4,1.12,0.42,True
8e25f738-67de-47c3-8986-885244e13042_mandatory_1.wav,3.0,-58.46,-48.46,0.0,2.46,2.46,0.0,0.54,True
8e25f738-67de-47c3-8986-885244e13042_mandatory_2.wav,2.94,-48.61,-38.61,0.0,2.94,2.94,0.0,0.0,True
8e25f738-67de-47c3-8986-885244e13042_mandatory_3.wav,3.0,-99.39,-89.39,0.27,2.75,2.48,0.27,0.25,True
8e25f738-67de-47c3-8986-885244e13042_mandatory_4.wav,3.0,-65.63,-55.63,0.24,3.0,2.76,0.24,0.0,True
943069ad-2757-493d-8f94-d7a295137152_mandatory_3.wav,2.94,-65.5,-55.5,0.1,2.94,2.84,0.1,0.0,True
943069ad-2757-493d-8f94-d7a295137152_mandatory_4.wav,2.94,-80.95,-70.95,0.0,2.45,2.45,0.0,0.49,True
943069ad-2757-493d-8f94-d7a295137152_mandatory_5.wav,3.0,-56.53,-46.53,0.0,2.46,2.46,0.0,0.54,True
a1f3bee7-082d-458e-8208-b3e808172cee_mandatory_1.wav,3.0,-120.0,-110.0,0.65,2.77,2.12,0.65,0.23,True
a1f3bee7-082d-458e-8208-b3e808172cee_mandatory_2.wav,3.0,-106.01,-96.01,0.6,2.89,2.29,0.6,0.11,True
a1f3bee7-082d-458e-8208-b3e808172cee_mandatory_3.wav,2.94,-48.29,-38.29,0.08,2.94,2.86,0.08,0.0,True
aa91f7e3-e010-44eb-89ae-877dae296ad8_mandatory_2.wav,3.028,-71.88,-61.88,0.91,2.86,1.95,0.91,0.168,True
aa91f7e3-e010-44eb-89ae-877dae296ad8_mandatory_3.wav,3.0067,-62.72,-52.72,0.0,2.09,2.09,0.0,0.9167,True
aa91f7e3-e010-44eb-89ae-877dae296ad8_mandatory_4.wav,3.028,-58.66,-48.66,0.09,3.02,2.93,0.09,0.008,True
aa91f7e3-e010-44eb-89ae-877dae296ad8_mandatory_5.wav,3.028,-74.69,-64.69,1.12,2.6,1.48,1.12,0.428,True
aca6354d-db66-444b-b95a-b2e6df9361ef_mandatory_1.wav,3.028,-50.66,-40.66,1.67,2.6,0.93,1.67,0.428,True
aca6354d-db66-444b-b95a-b2e6df9361ef_mandatory_2.wav,3.0067,-55.13,-45.13,0.03,2.9,2.87,0.03,0.1067,True
aca6354d-db66-444b-b95a-b2e6df9361ef_mandatory_3.wav,3.0067,-56.07,-46.07,0.0,2.29,2.29,0.0,0.7167,True
aca6354d-db66-444b-b95a-b2e6df9361ef_mandatory_4.wav,3.028,-59.2,-49.2,0.22,2.13,1.91,0.22,0.898,True
aca6354d-db66-444b-b95a-b2e6df9361ef_mandatory_5.wav,3.028,-51.73,-41.73,0.67,2.22,1.55,0.67,0.808,True
baa8bfbe-be1f-4849-a601-67812dfe2775_mandatory_2.wav,3.028,-54.69,-44.69,0.0,1.82,1.82,0.0,1.208,True
baa8bfbe-be1f-4849-a601-67812dfe2775_mandatory_3.wav,3.028,-46.4,-36.4,0.0,2.25,2.25,0.0,0.778,True
baa8bfbe-be1f-4849-a601-67812dfe2775_mandatory_4.wav,3.028,-49.45,-39.45,0.92,2.4,1.48,0.92,0.628,True
baa8bfbe-be1f-4849-a601-67812dfe2775_mandatory_5.wav,3.028,-45.54,-35.54,0.01,2.41,2.4,0.01,0.618,True
c7d753f1-f749-4a37-8bd5-53dc9bab4fea_mandatory_1.wav,2.94,-78.49,-68.49,0.0,2.92,2.92,0.0,0.02,True
d30246ec-2c35-481e-a9e5-155d77fdd772_mandatory_1.wav,2.94,-63.79,-53.79,0.04,2.94,2.9,0.04,0.0,True
d30246ec-2c35-481e-a9e5-155d77fdd772_mandatory_4.wav,3.0,-55.2,-45.2,0.0,2.46,2.46,0.0,0.54,True
d30246ec-2c35-481e-a9e5-155d77fdd772_mandatory_5.wav,3.0,-43.54,-33.54,0.0,2.52,2.52,0.0,0.48,True
d9fa7fff-de38-4adc-b1e3-c27fa4626dfa_mandatory_1.wav,2.34,-120.0,-110.0,0.75,1.67,0.92,0.75,0.67,True
d9fa7fff-de38-4adc-b1e3-c27fa4626dfa_mandatory_2.wav,1.5,-120.0,-110.0,0.47,1.42,0.95,0.47,0.08,True
d9fa7fff-de38-4adc-b1e3-c27fa4626dfa_mandatory_3.wav,2.34,-120.0,-110.0,0.63,2.34,1.71,0.63,0.0,True
d9fa7fff-de38-4adc-b1e3-c27fa4626dfa_mandatory_4.wav,1.86,-120.0,-110.0,0.56,1.86,1.3,0.56,0.0,True
d9fa7fff-de38-4adc-b1e3-c27fa4626dfa_mandatory_5.wav,3.0,-120.0,-110.0,0.84,1.9,1.06,0.84,1.1,True
d9fa7fff-de38-4adc-b1e3-c27fa4626dfa_optional_6.wav,2.64,-120.0,-110.0,0.82,2.45,1.63,0.82,0.19,True
da3b85a1-387b-40d5-a8af-ce10db3ac2c8_mandatory_1.wav,2.94,-80.94,-70.94,0.0,2.91,2.91,0.0,0.03,True
da3b85a1-387b-40d5-a8af-ce10db3ac2c8_mandatory_2.wav,2.82,-65.78,-55.78,0.26,2.82,2.56,0.26,0.0,True
ddd732c0-fb06-4989-a4ff-e9664d7a7087_mandatory_1.wav,3.0,-67.05,-57.05,0.47,2.21,1.74,0.47,0.79,True
ddd732c0-fb06-4989-a4ff-e9664d7a7087_mandatory_2.wav,2.28,-61.74,-51.74,0.56,1.83,1.27,0.56,0.45,True
ddd732c0-fb06-4989-a4ff-e9664d7a7087_mandatory_3.wav,3.0,-63.19,-53.19,0.34,2.85,2.51,0.34,0.15,True
ddd732c0-fb06-4989-a4ff-e9664d7a7087_mandatory_4.wav,3.0,-59.98,-49.98,0.75,1.95,1.2,0.75,1.05,True
ddd732c0-fb06-4989-a4ff-e9664d7a7087_mandatory_5.wav,3.0,-58.74,-48.74,0.76,2.21,1.45,0.76,0.79,True
ddd732c0-fb06-4989-a4ff-e9664d7a7087_optional_10.wav,3.0,-60.07,-50.07,0.58,3.0,2.42,0.58,0.0,True
ddd732c0-fb06-4989-a4ff-e9664d7a7087_optional_6.wav,2.52,-60.68,-50.68,0.46,1.46,1.0,0.46,1.06,True
ddd732c0-fb06-4989-a4ff-e9664d7a7087_optional_7.wav,2.34,-64.59,-54.59,0.39,1.28,0.89,0.39,1.06,True
ddd732c0-fb06-4989-a4ff-e9664d7a7087_optional_8.wav,3.0,-60.56,-50.56,0.62,2.52,1.9,0.62,0.48,True
ddd732c0-fb06-4989-a4ff-e9664d7a7087_optional_9.wav,2.64,-62.89,-52.89,0.6,1.64,1.04,0.6,1.0,True
ef518ed6-56c1-4a88-8afe-158ff08a2964_mandatory_1.wav,2.76,-71.27,-61.27,1.03,2.7,1.67,1.03,0.06,True
efc91795-fdcf-4347-b99e-efaf84c2f9be_mandatory_2.wav,2.2813,-48.55,-38.55,0.0,1.18,1.18,0.0,1.1013,True
efc91795-fdcf-4347-b99e-efaf84c2f9be_mandatory_3.wav,2.9853,-44.56,-34.56,0.03,2.02,1.99,0.03,0.9653,True
efc91795-fdcf-4347-b99e-efaf84c2f9be_mandatory_4.wav,3.028,-52.42,-42.42,0.01,3.01,3.0,0.01,0.018,True
f5f4bb28-973c-4278-9967-38fb81c6a050_mandatory_1.wav,3.0493,-57.87,-47.87,0.01,2.35,2.34,0.01,0.6993,True
f5f4bb28-973c-4278-9967-38fb81c6a050_mandatory_2.wav,3.0707,-60.35,-50.35,0.41,1.79,1.38,0.41,1.2807,True
f5f4bb28-973c-4278-9967-38fb81c6a050_mandatory_3.wav,3.0707,-58.98,-48.98,0.36,1.88,1.52,0.36,1.1907,True
f5f4bb28-973c-4278-9967-38fb81c6a050_mandatory_5.wav,3.0707,-54.29,-44.29,0.41,1.65,1.24,0.41,1.4207,True
f70d467e-8781-426e-80e9-a74519d645ea_mandatory_1.wav,3.0067,-66.13,-56.13,0.0,2.2,2.2,0.0,0.8067,True
f70d467e-8781-426e-80e9-a74519d645ea_mandatory_2.wav,3.028,-69.38,-59.38,0.0,1.78,1.78,0.0,1.248,True
f70d467e-8781-426e-80e9-a74519d645ea_mandatory_3.wav,3.0067,-56.83,-46.83,0.64,2.1,1.46,0.64,0.9067,True
f70d467e-8781-426e-80e9-a74519d645ea_mandatory_4.wav,3.028,-67.79,-57.79,0.0,1.84,1.84,0.0,1.188,True
f70d467e-8781-426e-80e9-a74519d645ea_mandatory_5.wav,3.028,-67.19,-57.19,0.0,2.0,2.0,0.0,1.028,True
fe398b09-8619-4849-b515-8b11c24fc7e7_mandatory_2.wav,3.0,-77.15,-67.15,0.0,2.91,2.91,0.0,0.09,True
fe398b09-8619-4849-b515-8b11c24fc7e7_mandatory_3.wav,2.94,-75.55,-65.55,0.2,2.32,2.12,0.2,0.62,True
fe398b09-8619-4849-b515-8b11c24fc7e7_mandatory_4.wav,2.94,-59.87,-49.87,0.82,2.78,1.96,0.82,0.16,True
fe398b09-8619-4849-b515-8b11c24fc7e7_mandatory_5.wav,3.0,-75.87,-65.87,0.27,2.56,2.29,0.27,0.44,True
