ParticipantID,NoteType,SequenceNumber,Filename,FullPath,Split
02c153b8-8fb9-4528-8158-8049e257db88,mandatory,3,3.webm,C:\Users\Anshika\voice_ml\dataset\raw\audio\02c153b8-8fb9-4528-8158-8049e257db88\mandatory\3.webm,train
02c153b8-8fb9-4528-8158-8049e257db88,mandatory,4,4.webm,C:\Users\Anshika\voice_ml\dataset\raw\audio\02c153b8-8fb9-4528-8158-8049e257db88\mandatory\4.webm,train
02c153b8-8fb9-4528-8158-8049e257db88,mandatory,5,5.webm,C:\Users\Anshika\voice_ml\dataset\raw\audio\02c153b8-8fb9-4528-8158-8049e257db88\mandatory\5.webm,train
02c153b8-8fb9-4528-8158-8049e257db88,optional,6,6.webm,C:\Users\Anshika\voice_ml\dataset\raw\audio\02c153b8-8fb9-4528-8158-8049e257db88\optional\6.webm,train
02c153b8-8fb9-4528-8158-8049e257db88,optional,7,7.webm,C:\Users\Anshika\voice_ml\dataset\raw\audio\02c153b8-8fb9-4528-8158-8049e257db88\optional\7.webm,train
02c153b8-8fb9-4528-8158-8049e257db88,optional,8,8.webm,C:\Users\Anshika\voice_ml\dataset\raw\audio\02c153b8-8fb9-4528-8158-8049e257db88\optional\8.webm,train
02c153b8-8fb9-4528-8158-8049e257db88,optional,9,9.webm,C:\Users\Anshika\voice_ml\dataset\raw\audio\02c153b8-8fb9-4528-8158-8049e257db88\optional\9.webm,train
02c153b8-8fb9-4528-8158-8049e257db88,optional,10,10.webm,C:\Users\Anshika\voice_ml\dataset\raw\audio\02c153b8-8fb9-4528-8158-8049e257db88\optional\10.webm,train
054b38c0-8e14-4bd8-a649-2e2c5f3d389e,mandatory,1,1.webm,C:\Users\Anshika\voice_ml\dataset\raw\audio\054b38c0-8e14-4bd8-a649-2e2c5f3d389e\mandatory\1.webm,test
054b38c0-8e14-4bd8-a649-2e2c5f3d389e,mandatory,2,2.webm,C:\Users\Anshika\voice_ml\dataset\raw\audio\054b38c0-8e14-4bd8-a649-2e2c5f3d389e\mandatory\2.webm,test
054b38c0-8e14-4bd8-a649-2e2c5f3d389e,mandatory,3,3.webm,C:\Users\Anshika\voice_ml\dataset\raw\audio\054b38c0-8e14-4bd8-a649-2e2c5f3d389e\mandatory\3.webm,test
054b38c0-8e14-4bd8-a649-2e2c5f3d389e,mandatory,4,4.webm,C:\Users\Anshika\voice_ml\dataset\raw\audio\054b38c0-8e14-4bd8-a649-2e2c5f3d389e\mandatory\4.webm,test
054b38c0-8e14-4bd8-a649-2e2c5f3d389e,mandatory,5,5.webm,C:\Users\Anshika\voice_ml\dataset\raw\audio\054b38c0-8e14-4bd8-a649-2e2c5f3d389e\mandatory\5.webm,test
15c65680-cfe5-44e4-ac9b-f8ccd940653d,mandatory,1,1.webm,C:\Users\Anshika\voice_ml\dataset\raw\audio\15c65680-cfe5-44e4-ac9b-f8ccd940653d\mandatory\1.webm,train
1c231685-30ef-4e9a-a881-ed8b63c6f1b6,mandatory,1,1.webm,C:\Users\Anshika\voice_ml\dataset\raw\audio\1c231685-30ef-4e9a-a881-ed8b63c6f1b6\mandatory\1.webm,train
1c231685-30ef-4e9a-a881-ed8b63c6f1b6,mandatory,5,5.webm,C:\Users\Anshika\voice_ml\dataset\raw\audio\1c231685-30ef-4e9a-a881-ed8b63c6f1b6\mandatory\5.webm,train
263875b0-b8cb-4e7f-a43a-d6e551ee48ed,mandatory,1,1.webm,C:\Users\Anshika\voice_ml\dataset\raw\audio\263875b0-b8cb-4e7f-a43a-d6e551ee48ed\mandatory\1.webm,val
263875b0-b8cb-4e7f-a43a-d6e551ee48ed,mandatory,2,2.webm,C:\Users\Anshika\voice_ml\dataset\raw\audio\263875b0-b8cb-4e7f-a43a-d6e551ee48ed\mandatory\2.webm,val
263875b0-b8cb-4e7f-a43a-d6e551ee48ed,mandatory,3,3.webm,C:\Users\Anshika\voice_ml\dataset\raw\audio\263875b0-b8cb-4e7f-a43a-d6e551ee48ed\mandatory\3.webm,val
263875b0-b8cb-4e7f-a43a-d6e551ee48ed,mandatory,4,4.webm,C:\Users\Anshika\voice_ml\dataset\raw\audio\263875b0-b8cb-4e7f-a43a-d6e551ee48ed\mandatory\4.webm,val
263875b0-b8cb-4e7f-a43a-d6e551ee48ed,mandatory,5,5.webm,C:\Users\Anshika\voice_ml\dataset\raw\audio\263875b0-b8cb-4e7f-a43a-d6e551ee48ed\mandatory\5.webm,val
2a24ad90-f292-4321-9baf-081583734e42,mandatory,2,2.webm,C:\Users\Anshika\voice_ml\dataset\raw\audio\2a24ad90-f292-4321-9baf-081583734e42\mandatory\2.webm,train
2a24ad90-f292-4321-9baf-081583734e42,mandatory,3,3.webm,C:\Users\Anshika\voice_ml\dataset\raw\audio\2a24ad90-f292-4321-9baf-081583734e42\mandatory\3.webm,train
2a24ad90-f292-4321-9baf-081583734e42,mandatory,5,5.webm,C:\Users\Anshika\voice_ml\dataset\raw\audio\2a24ad90-f292-4321-9baf-081583734e42\mandatory\5.webm,train
2a69429e-6de8-4410-8267-e2185fe3809f,optional,6,6.webm,C:\Users\Anshika\voice_ml\dataset\raw\audio\2a69429e-6de8-4410-8267-e2185fe3809f\optional\6.webm,train
2a69429e-6de8-4410-8267-e2185fe3809f,optional,7,7.webm,C:\Users\Anshika\voice_ml\dataset\raw\audio\2a69429e-6de8-4410-8267-e2185fe3809f\optional\7.webm,train
2a69429e-6de8-4410-8267-e2185fe3809f,optional,8,8.webm,C:\Users\Anshika\voice_ml\dataset\raw\audio\2a69429e-6de8-4410-8267-e2185fe3809f\optional\8.webm,train
2a69429e-6de8-4410-8267-e2185fe3809f,optional,9,9.webm,C:\Users\Anshika\voice_ml\dataset\raw\audio\2a69429e-6de8-4410-8267-e2185fe3809f\optional\9.webm,train
2a69429e-6de8-4410-8267-e2185fe3809f,optional,10,10.webm,C:\Users\Anshika\voice_ml\dataset\raw\audio\2a69429e-6de8-4410-8267-e2185fe3809f\optional\10.webm,train
2b017ac3-bbec-4db3-8402-8f942b24becd,mandatory,2,2.webm,C:\Users\Anshika\voice_ml\dataset\raw\audio\2b017ac3-bbec-4db3-8402-8f942b24becd\mandatory\2.webm,train
2b017ac3-bbec-4db3-8402-8f942b24becd,mandatory,3,3.webm,C:\Users\Anshika\voice_ml\dataset\raw\audio\2b017ac3-bbec-4db3-8402-8f942b24becd\mandatory\3.webm,train
2b017ac3-bbec-4db3-8402-8f942b24becd,mandatory,4,4.webm,C:\Users\Anshika\voice_ml\dataset\raw\audio\2b017ac3-bbec-4db3-8402-8f942b24becd\mandatory\4.webm,train
2b017ac3-bbec-4db3-8402-8f942b24becd,mandatory,5,5.webm,C:\Users\Anshika\voice_ml\dataset\raw\audio\2b017ac3-bbec-4db3-8402-8f942b24becd\mandatory\5.webm,train
2c214cfb-1bf1-4660-b74b-d804bbfc73d4,mandatory,1,1.webm,C:\Users\Anshika\voice_ml\dataset\raw\audio\2c214cfb-1bf1-4660-b74b-d804bbfc73d4\mandatory\1.webm,train
2c214cfb-1bf1-4660-b74b-d804bbfc73d4,mandatory,2,2.webm,C:\Users\Anshika\voice_ml\dataset\raw\audio\2c214cfb-1bf1-4660-b74b-d804bbfc73d4\mandatory\2.webm,train
2c214cfb-1bf1-4660-b74b-d804bbfc73d4,mandatory,3,3.webm,C:\Users\Anshika\voice_ml\dataset\raw\audio\2c214cfb-1bf1-4660-b74b-d804bbfc73d4\mandatory\3.webm,train
2c214cfb-1bf1-4660-b74b-d804bbfc73d4,mandatory,4,4.webm,C:\Users\Anshika\voice_ml\dataset\raw\audio\2c214cfb-1bf1-4660-b74b-d804bbfc73d4\mandatory\4.webm,train
2c214cfb-1bf1-4660-b74b-d804bbfc73d4,mandatory,5,5.webm,C:\Users\Anshika\voice_ml\dataset\raw\audio\2c214cfb-1bf1-4660-b74b-d804bbfc73d4\mandatory\5.webm,train
2c214cfb-1bf1-4660-b74b-d804bbfc73d4,optional,6,6.webm,C:\Users\Anshika\voice_ml\dataset\raw\audio\2c214cfb-1bf1-4660-b74b-d804bbfc73d4\optional\6.webm,train
2c214cfb-1bf1-4660-b74b-d804bbfc73d4,optional,7,7.webm,C:\Users\Anshika\voice_ml\dataset\raw\audio\2c214cfb-1bf1-4660-b74b-d804bbfc73d4\optional\7.webm,train
2c214cfb-1bf1-4660-b74b-d804bbfc73d4,optional,8,8.webm,C:\Users\Anshika\voice_ml\dataset\raw\audio\2c214cfb-1bf1-4660-b74b-d804bbfc73d4\optional\8.webm,train
2c214cfb-1bf1-4660-b74b-d804bbfc73d4,optional,9,9.webm,C:\Users\Anshika\voice_ml\dataset\raw\audio\2c214cfb-1bf1-4660-b74b-d804bbfc73d4\optional\9.webm,train
2c214cfb-1bf1-4660-b74b-d804bbfc73d4,optional,10,10.webm,C:\Users\Anshika\voice_ml\dataset\raw\audio\2c214cfb-1bf1-4660-b74b-d804bbfc73d4\optional\10.webm,train
2c574cb7-1d2b-440f-bf2f-6428bfe6bd07,mandatory,1,1.webm,C:\Users\Anshika\voice_ml\dataset\raw\audio\2c574cb7-1d2b-440f-bf2f-6428bfe6bd07\mandatory\1.webm,test
2c574cb7-1d2b-440f-bf2f-6428bfe6bd07,mandatory,3,3.webm,C:\Users\Anshika\voice_ml\dataset\raw\audio\2c574cb7-1d2b-440f-bf2f-6428bfe6bd07\mandatory\3.webm,test
2c574cb7-1d2b-440f-bf2f-6428bfe6bd07,mandatory,4,4.webm,C:\Users\Anshika\voice_ml\dataset\raw\audio\2c574cb7-1d2b-440f-bf2f-6428bfe6bd07\mandatory\4.webm,test
2c574cb7-1d2b-440f-bf2f-6428bfe6bd07,mandatory,5,5.webm,C:\Users\Anshika\voice_ml\dataset\raw\audio\2c574cb7-1d2b-440f-bf2f-6428bfe6bd07\mandatory\5.webm,test
2c574cb7-1d2b-440f-bf2f-6428bfe6bd07,optional,6,6.webm,C:\Users\Anshika\voice_ml\dataset\raw\audio\2c574cb7-1d2b-440f-bf2f-6428bfe6bd07\optional\6.webm,test
2c574cb7-1d2b-440f-bf2f-6428bfe6bd07,optional,7,7.webm,C:\Users\Anshika\voice_ml\dataset\raw\audio\2c574cb7-1d2b-440f-bf2f-6428bfe6bd07\optional\7.webm,test
2c574cb7-1d2b-440f-bf2f-6428bfe6bd07,optional,8,8.webm,C:\Users\Anshika\voice_ml\dataset\raw\audio\2c574cb7-1d2b-440f-bf2f-6428bfe6bd07\optional\8.webm,test
2c574cb7-1d2b-440f-bf2f-6428bfe6bd07,optional,9,9.webm,C:\Users\Anshika\voice_ml\dataset\raw\audio\2c574cb7-1d2b-440f-bf2f-6428bfe6bd07\optional\9.webm,test
2c574cb7-1d2b-440f-bf2f-6428bfe6bd07,optional,10,10.webm,C:\Users\Anshika\voice_ml\dataset\raw\audio\2c574cb7-1d2b-440f-bf2f-6428bfe6bd07\optional\10.webm,test
2d70cdb6-2e97-4ac9-ae60-daebf846ea60,mandatory,1,1.webm,C:\Users\Anshika\voice_ml\dataset\raw\audio\2d70cdb6-2e97-4ac9-ae60-daebf846ea60\mandatory\1.webm,train
2d70cdb6-2e97-4ac9-ae60-daebf846ea60,mandatory,2,2.webm,C:\Users\Anshika\voice_ml\dataset\raw\audio\2d70cdb6-2e97-4ac9-ae60-daebf846ea60\mandatory\2.webm,train
2d70cdb6-2e97-4ac9-ae60-daebf846ea60,mandatory,3,3.webm,C:\Users\Anshika\voice_ml\dataset\raw\audio\2d70cdb6-2e97-4ac9-ae60-daebf846ea60\mandatory\3.webm,train
2d70cdb6-2e97-4ac9-ae60-daebf846ea60,mandatory,4,4.webm,C:\Users\Anshika\voice_ml\dataset\raw\audio\2d70cdb6-2e97-4ac9-ae60-daebf846ea60\mandatory\4.webm,train
2d70cdb6-2e97-4ac9-ae60-daebf846ea60,mandatory,5,5.webm,C:\Users\Anshika\voice_ml\dataset\raw\audio\2d70cdb6-2e97-4ac9-ae60-daebf846ea60\mandatory\5.webm,train
2d70cdb6-2e97-4ac9-ae60-daebf846ea60,optional,6,6.webm,C:\Users\Anshika\voice_ml\dataset\raw\audio\2d70cdb6-2e97-4ac9-ae60-daebf846ea60\optional\6.webm,train
2d80737c-f830-4ec6-9dfe-a6fcc805d9ee,mandatory,1,1.webm,C:\Users\Anshika\voice_ml\dataset\raw\audio\2d80737c-f830-4ec6-9dfe-a6fcc805d9ee\mandatory\1.webm,val
2d80737c-f830-4ec6-9dfe-a6fcc805d9ee,mandatory,2,2.webm,C:\Users\Anshika\voice_ml\dataset\raw\audio\2d80737c-f830-4ec6-9dfe-a6fcc805d9ee\mandatory\2.webm,val
2d80737c-f830-4ec6-9dfe-a6fcc805d9ee,mandatory,3,3.webm,C:\Users\Anshika\voice_ml\dataset\raw\audio\2d80737c-f830-4ec6-9dfe-a6fcc805d9ee\mandatory\3.webm,val
2d80737c-f830-4ec6-9dfe-a6fcc805d9ee,mandatory,4,4.webm,C:\Users\Anshika\voice_ml\dataset\raw\audio\2d80737c-f830-4ec6-9dfe-a6fcc805d9ee\mandatory\4.webm,val
2d80737c-f830-4ec6-9dfe-a6fcc805d9ee,mandatory,5,5.webm,C:\Users\Anshika\voice_ml\dataset\raw\audio\2d80737c-f830-4ec6-9dfe-a6fcc805d9ee\mandatory\5.webm,val
2e2da424-76f9-4afd-ae75-12a27e00ac73,mandatory,1,1.webm,C:\Users\Anshika\voice_ml\dataset\raw\audio\2e2da424-76f9-4afd-ae75-12a27e00ac73\mandatory\1.webm,train
2e2da424-76f9-4afd-ae75-12a27e00ac73,mandatory,2,2.webm,C:\Users\Anshika\voice_ml\dataset\raw\audio\2e2da424-76f9-4afd-ae75-12a27e00ac73\mandatory\2.webm,train
2e2da424-76f9-4afd-ae75-12a27e00ac73,mandatory,3,3.webm,C:\Users\Anshika\voice_ml\dataset\raw\audio\2e2da424-76f9-4afd-ae75-12a27e00ac73\mandatory\3.webm,train
2e2da424-76f9-4afd-ae75-12a27e00ac73,mandatory,4,4.webm,C:\Users\Anshika\voice_ml\dataset\raw\audio\2e2da424-76f9-4afd-ae75-12a27e00ac73\mandatory\4.webm,train
2e2da424-76f9-4afd-ae75-12a27e00ac73,mandatory,5,5.webm,C:\Users\Anshika\voice_ml\dataset\raw\audio\2e2da424-76f9-4afd-ae75-12a27e00ac73\mandatory\5.webm,train
335b6d7c-5ded-4be0-b876-09b9508d2265,mandatory,1,1.webm,C:\Users\Anshika\voice_ml\dataset\raw\audio\335b6d7c-5ded-4be0-b876-09b9508d2265\mandatory\1.webm,train
335b6d7c-5ded-4be0-b876-09b9508d2265,mandatory,3,3.webm,C:\Users\Anshika\voice_ml\dataset\raw\audio\335b6d7c-5ded-4be0-b876-09b9508d2265\mandatory\3.webm,train
335b6d7c-5ded-4be0-b876-09b9508d2265,mandatory,4,4.webm,C:\Users\Anshika\voice_ml\dataset\raw\audio\335b6d7c-5ded-4be0-b876-09b9508d2265\mandatory\4.webm,train
335b6d7c-5ded-4be0-b876-09b9508d2265,mandatory,5,5.webm,C:\Users\Anshika\voice_ml\dataset\raw\audio\335b6d7c-5ded-4be0-b876-09b9508d2265\mandatory\5.webm,train
335b6d7c-5ded-4be0-b876-09b9508d2265,optional,6,6.webm,C:\Users\Anshika\voice_ml\dataset\raw\audio\335b6d7c-5ded-4be0-b876-09b9508d2265\optional\6.webm,train
335b6d7c-5ded-4be0-b876-09b9508d2265,optional,7,7.webm,C:\Users\Anshika\voice_ml\dataset\raw\audio\335b6d7c-5ded-4be0-b876-09b9508d2265\optional\7.webm,train
335b6d7c-5ded-4be0-b876-09b9508d2265,optional,8,8.webm,C:\Users\Anshika\voice_ml\dataset\raw\audio\335b6d7c-5ded-4be0-b876-09b9508d2265\optional\8.webm,train
335b6d7c-5ded-4be0-b876-09b9508d2265,optional,9,9.webm,C:\Users\Anshika\voice_ml\dataset\raw\audio\335b6d7c-5ded-4be0-b876-09b9508d2265\optional\9.webm,train
335b6d7c-5ded-4be0-b876-09b9508d2265,optional,10,10.webm,C:\Users\Anshika\voice_ml\dataset\raw\audio\335b6d7c-5ded-4be0-b876-09b9508d2265\optional\10.webm,train
4234fb4d-064c-484d-88aa-ef5be9c7eabf,mandatory,4,4.webm,C:\Users\Anshika\voice_ml\dataset\raw\audio\4234fb4d-064c-484d-88aa-ef5be9c7eabf\mandatory\4.webm,train
4234fb4d-064c-484d-88aa-ef5be9c7eabf,mandatory,5,5.webm,C:\Users\Anshika\voice_ml\dataset\raw\audio\4234fb4d-064c-484d-88aa-ef5be9c7eabf\mandatory\5.webm,train
47f64db2-16aa-4904-94c9-bab3f0095a28,mandatory,1,1.webm,C:\Users\Anshika\voice_ml\dataset\raw\audio\47f64db2-16aa-4904-94c9-bab3f0095a28\mandatory\1.webm,val
47f64db2-16aa-4904-94c9-bab3f0095a28,mandatory,2,2.webm,C:\Users\Anshika\voice_ml\dataset\raw\audio\47f64db2-16aa-4904-94c9-bab3f0095a28\mandatory\2.webm,val
47f64db2-16aa-4904-94c9-bab3f0095a28,mandatory,4,4.webm,C:\Users\Anshika\voice_ml\dataset\raw\audio\47f64db2-16aa-4904-94c9-bab3f0095a28\mandatory\4.webm,val
47f64db2-16aa-4904-94c9-bab3f0095a28,mandatory,5,5.webm,C:\Users\Anshika\voice_ml\dataset\raw\audio\47f64db2-16aa-4904-94c9-bab3f0095a28\mandatory\5.webm,val
52499bbe-68bc-4e40-86d7-6121e9dfeb24,mandatory,2,2.webm,C:\Users\Anshika\voice_ml\dataset\raw\audio\52499bbe-68bc-4e40-86d7-6121e9dfeb24\mandatory\2.webm,train
52499bbe-68bc-4e40-86d7-6121e9dfeb24,mandatory,3,3.webm,C:\Users\Anshika\voice_ml\dataset\raw\audio\52499bbe-68bc-4e40-86d7-6121e9dfeb24\mandatory\3.webm,train
52499bbe-68bc-4e40-86d7-6121e9dfeb24,mandatory,4,4.webm,C:\Users\Anshika\voice_ml\dataset\raw\audio\52499bbe-68bc-4e40-86d7-6121e9dfeb24\mandatory\4.webm,train
52499bbe-68bc-4e40-86d7-6121e9dfeb24,optional,7,7.webm,C:\Users\Anshika\voice_ml\dataset\raw\audio\52499bbe-68bc-4e40-86d7-6121e9dfeb24\optional\7.webm,train
52499bbe-68bc-4e40-86d7-6121e9dfeb24,optional,8,8.webm,C:\Users\Anshika\voice_ml\dataset\raw\audio\52499bbe-68bc-4e40-86d7-6121e9dfeb24\optional\8.webm,train
52499bbe-68bc-4e40-86d7-6121e9dfeb24,optional,9,9.webm,C:\Users\Anshika\voice_ml\dataset\raw\audio\52499bbe-68bc-4e40-86d7-6121e9dfeb24\optional\9.webm,train
5da6fe17-5ed0-43eb-bb94-8a61cc1c37f1,mandatory,2,2.webm,C:\Users\Anshika\voice_ml\dataset\raw\audio\5da6fe17-5ed0-43eb-bb94-8a61cc1c37f1\mandatory\2.webm,train
5da6fe17-5ed0-43eb-bb94-8a61cc1c37f1,mandatory,3,3.webm,C:\Users\Anshika\voice_ml\dataset\raw\audio\5da6fe17-5ed0-43eb-bb94-8a61cc1c37f1\mandatory\3.webm,train
5da6fe17-5ed0-43eb-bb94-8a61cc1c37f1,mandatory,4,4.webm,C:\Users\Anshika\voice_ml\dataset\raw\audio\5da6fe17-5ed0-43eb-bb94-8a61cc1c37f1\mandatory\4.webm,train
5da6fe17-5ed0-43eb-bb94-8a61cc1c37f1,mandatory,5,5.webm,C:\Users\Anshika\voice_ml\dataset\raw\audio\5da6fe17-5ed0-43eb-bb94-8a61cc1c37f1\mandatory\5.webm,train
5da6fe17-5ed0-43eb-bb94-8a61cc1c37f1,optional,6,6.webm,C:\Users\Anshika\voice_ml\dataset\raw\audio\5da6fe17-5ed0-43eb-bb94-8a61cc1c37f1\optional\6.webm,train
5da6fe17-5ed0-43eb-bb94-8a61cc1c37f1,optional,7,7.webm,C:\Users\Anshika\voice_ml\dataset\raw\audio\5da6fe17-5ed0-43eb-bb94-8a61cc1c37f1\optional\7.webm,train
5da6fe17-5ed0-43eb-bb94-8a61cc1c37f1,optional,8,8.webm,C:\Users\Anshika\voice_ml\dataset\raw\audio\5da6fe17-5ed0-43eb-bb94-8a61cc1c37f1\optional\8.webm,train
5da6fe17-5ed0-43eb-bb94-8a61cc1c37f1,optional,9,9.webm,C:\Users\Anshika\voice_ml\dataset\raw\audio\5da6fe17-5ed0-43eb-bb94-8a61cc1c37f1\optional\9.webm,train
5da6fe17-5ed0-43eb-bb94-8a61cc1c37f1,optional,10,10.webm,C:\Users\Anshika\voice_ml\dataset\raw\audio\5da6fe17-5ed0-43eb-bb94-8a61cc1c37f1\optional\10.webm,train
64de123c-53a4-4059-957c-92bf29ac468b,mandatory,1,1.webm,C:\Users\Anshika\voice_ml\dataset\raw\audio\64de123c-53a4-4059-957c-92bf29ac468b\mandatory\1.webm,val
64de123c-53a4-4059-957c-92bf29ac468b,mandatory,2,2.webm,C:\Users\Anshika\voice_ml\dataset\raw\audio\64de123c-53a4-4059-957c-92bf29ac468b\mandatory\2.webm,val
64de123c-53a4-4059-957c-92bf29ac468b,mandatory,3,3.webm,C:\Users\Anshika\voice_ml\dataset\raw\audio\64de123c-53a4-4059-957c-92bf29ac468b\mandatory\3.webm,val
64de123c-53a4-4059-957c-92bf29ac468b,mandatory,4,4.webm,C:\Users\Anshika\voice_ml\dataset\raw\audio\64de123c-53a4-4059-957c-92bf29ac468b\mandatory\4.webm,val
64de123c-53a4-4059-957c-92bf29ac468b,mandatory,5,5.webm,C:\Users\Anshika\voice_ml\dataset\raw\audio\64de123c-53a4-4059-957c-92bf29ac468b\mandatory\5.webm,val
73b51835-9a81-46f6-968e-6d3f2d58a323,mandatory,1,1.webm,C:\Users\Anshika\voice_ml\dataset\raw\audio\73b51835-9a81-46f6-968e-6d3f2d58a323\mandatory\1.webm,train
73b51835-9a81-46f6-968e-6d3f2d58a323,mandatory,3,3.webm,C:\Users\Anshika\voice_ml\dataset\raw\audio\73b51835-9a81-46f6-968e-6d3f2d58a323\mandatory\3.webm,train
73b51835-9a81-46f6-968e-6d3f2d58a323,mandatory,4,4.webm,C:\Users\Anshika\voice_ml\dataset\raw\audio\73b51835-9a81-46f6-968e-6d3f2d58a323\mandatory\4.webm,train
73b51835-9a81-46f6-968e-6d3f2d58a323,mandatory,5,5.webm,C:\Users\Anshika\voice_ml\dataset\raw\audio\73b51835-9a81-46f6-968e-6d3f2d58a323\mandatory\5.webm,train
81fdbf2e-3612-4678-bf20-f0113528505c,mandatory,1,1.webm,C:\Users\Anshika\voice_ml\dataset\raw\audio\81fdbf2e-3612-4678-bf20-f0113528505c\mandatory\1.webm,test
81fdbf2e-3612-4678-bf20-f0113528505c,mandatory,2,2.webm,C:\Users\Anshika\voice_ml\dataset\raw\audio\81fdbf2e-3612-4678-bf20-f0113528505c\mandatory\2.webm,test
81fdbf2e-3612-4678-bf20-f0113528505c,mandatory,3,3.webm,C:\Users\Anshika\voice_ml\dataset\raw\audio\81fdbf2e-3612-4678-bf20-f0113528505c\mandatory\3.webm,test
81fdbf2e-3612-4678-bf20-f0113528505c,optional,6,6.webm,C:\Users\Anshika\voice_ml\dataset\raw\audio\81fdbf2e-3612-4678-bf20-f0113528505c\optional\6.webm,test
8e25f738-67de-47c3-8986-885244e13042,mandatory,1,1.webm,C:\Users\Anshika\voice_ml\dataset\raw\audio\8e25f738-67de-47c3-8986-885244e13042\mandatory\1.webm,train
8e25f738-67de-47c3-8986-885244e13042,mandatory,2,2.webm,C:\Users\Anshika\voice_ml\dataset\raw\audio\8e25f738-67de-47c3-8986-885244e13042\mandatory\2.webm,train
8e25f738-67de-47c3-8986-885244e13042,mandatory,3,3.webm,C:\Users\Anshika\voice_ml\dataset\raw\audio\8e25f738-67de-47c3-8986-885244e13042\mandatory\3.webm,train
8e25f738-67de-47c3-8986-885244e13042,mandatory,4,4.webm,C:\Users\Anshika\voice_ml\dataset\raw\audio\8e25f738-67de-47c3-8986-885244e13042\mandatory\4.webm,train
943069ad-2757-493d-8f94-d7a295137152,mandatory,3,3.webm,C:\Users\Anshika\voice_ml\dataset\raw\audio\943069ad-2757-493d-8f94-d7a295137152\mandatory\3.webm,val
943069ad-2757-493d-8f94-d7a295137152,mandatory,4,4.webm,C:\Users\Anshika\voice_ml\dataset\raw\audio\943069ad-2757-493d-8f94-d7a295137152\mandatory\4.webm,val
943069ad-2757-493d-8f94-d7a295137152,mandatory,5,5.webm,C:\Users\Anshika\voice_ml\dataset\raw\audio\943069ad-2757-493d-8f94-d7a295137152\mandatory\5.webm,val
a1f3bee7-082d-458e-8208-b3e808172cee,mandatory,1,1.webm,C:\Users\Anshika\voice_ml\dataset\raw\audio\a1f3bee7-082d-458e-8208-b3e808172cee\mandatory\1.webm,train
a1f3bee7-082d-458e-8208-b3e808172cee,mandatory,2,2.webm,C:\Users\Anshika\voice_ml\dataset\raw\audio\a1f3bee7-082d-458e-8208-b3e808172cee\mandatory\2.webm,train
a1f3bee7-082d-458e-8208-b3e808172cee,mandatory,3,3.webm,C:\Users\Anshika\voice_ml\dataset\raw\audio\a1f3bee7-082d-458e-8208-b3e808172cee\mandatory\3.webm,train
aa91f7e3-e010-44eb-89ae-877dae296ad8,mandatory,2,2.webm,C:\Users\Anshika\voice_ml\dataset\raw\audio\aa91f7e3-e010-44eb-89ae-877dae296ad8\mandatory\2.webm,train
aa91f7e3-e010-44eb-89ae-877dae296ad8,mandatory,3,3.webm,C:\Users\Anshika\voice_ml\dataset\raw\audio\aa91f7e3-e010-44eb-89ae-877dae296ad8\mandatory\3.webm,train
aa91f7e3-e010-44eb-89ae-877dae296ad8,mandatory,4,4.webm,C:\Users\Anshika\voice_ml\dataset\raw\audio\aa91f7e3-e010-44eb-89ae-877dae296ad8\mandatory\4.webm,train
aa91f7e3-e010-44eb-89ae-877dae296ad8,mandatory,5,5.webm,C:\Users\Anshika\voice_ml\dataset\raw\audio\aa91f7e3-e010-44eb-89ae-877dae296ad8\mandatory\5.webm,train
aca6354d-db66-444b-b95a-b2e6df9361ef,mandatory,1,1.webm,C:\Users\Anshika\voice_ml\dataset\raw\audio\aca6354d-db66-444b-b95a-b2e6df9361ef\mandatory\1.webm,test
aca6354d-db66-444b-b95a-b2e6df9361ef,mandatory,2,2.webm,C:\Users\Anshika\voice_ml\dataset\raw\audio\aca6354d-db66-444b-b95a-b2e6df9361ef\mandatory\2.webm,test
aca6354d-db66-444b-b95a-b2e6df9361ef,mandatory,3,3.webm,C:\Users\Anshika\voice_ml\dataset\raw\audio\aca6354d-db66-444b-b95a-b2e6df9361ef\mandatory\3.webm,test
aca6354d-db66-444b-b95a-b2e6df9361ef,mandatory,4,4.webm,C:\Users\Anshika\voice_ml\dataset\raw\audio\aca6354d-db66-444b-b95a-b2e6df9361ef\mandatory\4.webm,test
aca6354d-db66-444b-b95a-b2e6df9361ef,mandatory,5,5.webm,C:\Users\Anshika\voice_ml\dataset\raw\audio\aca6354d-db66-444b-b95a-b2e6df9361ef\mandatory\5.webm,test
baa8bfbe-be1f-4849-a601-67812dfe2775,mandatory,2,2.webm,C:\Users\Anshika\voice_ml\dataset\raw\audio\baa8bfbe-be1f-4849-a601-67812dfe2775\mandatory\2.webm,train
baa8bfbe-be1f-4849-a601-67812dfe2775,mandatory,3,3.webm,C:\Users\Anshika\voice_ml\dataset\raw\audio\baa8bfbe-be1f-4849-a601-67812dfe2775\mandatory\3.webm,train
baa8bfbe-be1f-4849-a601-67812dfe2775,mandatory,4,4.webm,C:\Users\Anshika\voice_ml\dataset\raw\audio\baa8bfbe-be1f-4849-a601-67812dfe2775\mandatory\4.webm,train
baa8bfbe-be1f-4849-a601-67812dfe2775,mandatory,5,5.webm,C:\Users\Anshika\voice_ml\dataset\raw\audio\baa8bfbe-be1f-4849-a601-67812dfe2775\mandatory\5.webm,train
c7d753f1-f749-4a37-8bd5-53dc9bab4fea,mandatory,1,1.webm,C:\Users\Anshika\voice_ml\dataset\raw\audio\c7d753f1-f749-4a37-8bd5-53dc9bab4fea\mandatory\1.webm,test
d30246ec-2c35-481e-a9e5-155d77fdd772,mandatory,1,1.webm,C:\Users\Anshika\voice_ml\dataset\raw\audio\d30246ec-2c35-481e-a9e5-155d77fdd772\mandatory\1.webm,train
d30246ec-2c35-481e-a9e5-155d77fdd772,mandatory,4,4.webm,C:\Users\Anshika\voice_ml\dataset\raw\audio\d30246ec-2c35-481e-a9e5-155d77fdd772\mandatory\4.webm,train
d30246ec-2c35-481e-a9e5-155d77fdd772,mandatory,5,5.webm,C:\Users\Anshika\voice_ml\dataset\raw\audio\d30246ec-2c35-481e-a9e5-155d77fdd772\mandatory\5.webm,train
d9fa7fff-de38-4adc-b1e3-c27fa4626dfa,mandatory,1,1.webm,C:\Users\Anshika\voice_ml\dataset\raw\audio\d9fa7fff-de38-4adc-b1e3-c27fa4626dfa\mandatory\1.webm,train
d9fa7fff-de38-4adc-b1e3-c27fa4626dfa,mandatory,2,2.webm,C:\Users\Anshika\voice_ml\dataset\raw\audio\d9fa7fff-de38-4adc-b1e3-c27fa4626dfa\mandatory\2.webm,train
d9fa7fff-de38-4adc-b1e3-c27fa4626dfa,mandatory,3,3.webm,C:\Users\Anshika\voice_ml\dataset\raw\audio\d9fa7fff-de38-4adc-b1e3-c27fa4626dfa\mandatory\3.webm,train
d9fa7fff-de38-4adc-b1e3-c27fa4626dfa,mandatory,4,4.webm,C:\Users\Anshika\voice_ml\dataset\raw\audio\d9fa7fff-de38-4adc-b1e3-c27fa4626dfa\mandatory\4.webm,train
d9fa7fff-de38-4adc-b1e3-c27fa4626dfa,mandatory,5,5.webm,C:\Users\Anshika\voice_ml\dataset\raw\audio\d9fa7fff-de38-4adc-b1e3-c27fa4626dfa\mandatory\5.webm,train
d9fa7fff-de38-4adc-b1e3-c27fa4626dfa,optional,6,6.webm,C:\Users\Anshika\voice_ml\dataset\raw\audio\d9fa7fff-de38-4adc-b1e3-c27fa4626dfa\optional\6.webm,train
da3b85a1-387b-40d5-a8af-ce10db3ac2c8,mandatory,1,1.webm,C:\Users\Anshika\voice_ml\dataset\raw\audio\da3b85a1-387b-40d5-a8af-ce10db3ac2c8\mandatory\1.webm,test
da3b85a1-387b-40d5-a8af-ce10db3ac2c8,mandatory,2,2.webm,C:\Users\Anshika\voice_ml\dataset\raw\audio\da3b85a1-387b-40d5-a8af-ce10db3ac2c8\mandatory\2.webm,test
ddd732c0-fb06-4989-a4ff-e9664d7a7087,mandatory,1,1.webm,C:\Users\Anshika\voice_ml\dataset\raw\audio\ddd732c0-fb06-4989-a4ff-e9664d7a7087\mandatory\1.webm,train
ddd732c0-fb06-4989-a4ff-e9664d7a7087,mandatory,2,2.webm,C:\Users\Anshika\voice_ml\dataset\raw\audio\ddd732c0-fb06-4989-a4ff-e9664d7a7087\mandatory\2.webm,train
ddd732c0-fb06-4989-a4ff-e9664d7a7087,mandatory,3,3.webm,C:\Users\Anshika\voice_ml\dataset\raw\audio\ddd732c0-fb06-4989-a4ff-e9664d7a7087\mandatory\3.webm,train
ddd732c0-fb06-4989-a4ff-e9664d7a7087,mandatory,4,4.webm,C:\Users\Anshika\voice_ml\dataset\raw\audio\ddd732c0-fb06-4989-a4ff-e9664d7a7087\mandatory\4.webm,train
ddd732c0-fb06-4989-a4ff-e9664d7a7087,mandatory,5,5.webm,C:\Users\Anshika\voice_ml\dataset\raw\audio\ddd732c0-fb06-4989-a4ff-e9664d7a7087\mandatory\5.webm,train
ddd732c0-fb06-4989-a4ff-e9664d7a7087,optional,6,6.webm,C:\Users\Anshika\voice_ml\dataset\raw\audio\ddd732c0-fb06-4989-a4ff-e9664d7a7087\optional\6.webm,train
ddd732c0-fb06-4989-a4ff-e9664d7a7087,optional,7,7.webm,C:\Users\Anshika\voice_ml\dataset\raw\audio\ddd732c0-fb06-4989-a4ff-e9664d7a7087\optional\7.webm,train
ddd732c0-fb06-4989-a4ff-e9664d7a7087,optional,8,8.webm,C:\Users\Anshika\voice_ml\dataset\raw\audio\ddd732c0-fb06-4989-a4ff-e9664d7a7087\optional\8.webm,train
ddd732c0-fb06-4989-a4ff-e9664d7a7087,optional,9,9.webm,C:\Users\Anshika\voice_ml\dataset\raw\audio\ddd732c0-fb06-4989-a4ff-e9664d7a7087\optional\9.webm,train
ddd732c0-fb06-4989-a4ff-e9664d7a7087,optional,10,10.webm,C:\Users\Anshika\voice_ml\dataset\raw\audio\ddd732c0-fb06-4989-a4ff-e9664d7a7087\optional\10.webm,train
ef518ed6-56c1-4a88-8afe-158ff08a2964,mandatory,1,1.webm,C:\Users\Anshika\voice_ml\dataset\raw\audio\ef518ed6-56c1-4a88-8afe-158ff08a2964\mandatory\1.webm,train
efc91795-fdcf-4347-b99e-efaf84c2f9be,mandatory,2,2.webm,C:\Users\Anshika\voice_ml\dataset\raw\audio\efc91795-fdcf-4347-b99e-efaf84c2f9be\mandatory\2.webm,train
efc91795-fdcf-4347-b99e-efaf84c2f9be,mandatory,3,3.webm,C:\Users\Anshika\voice_ml\dataset\raw\audio\efc91795-fdcf-4347-b99e-efaf84c2f9be\mandatory\3.webm,train
efc91795-fdcf-4347-b99e-efaf84c2f9be,mandatory,4,4.webm,C:\Users\Anshika\voice_ml\dataset\raw\audio\efc91795-fdcf-4347-b99e-efaf84c2f9be\mandatory\4.webm,train
f5f4bb28-973c-4278-9967-38fb81c6a050,mandatory,1,1.webm,C:\Users\Anshika\voice_ml\dataset\raw\audio\f5f4bb28-973c-4278-9967-38fb81c6a050\mandatory\1.webm,val
f5f4bb28-973c-4278-9967-38fb81c6a050,mandatory,2,2.webm,C:\Users\Anshika\voice_ml\dataset\raw\audio\f5f4bb28-973c-4278-9967-38fb81c6a050\mandatory\2.webm,val
f5f4bb28-973c-4278-9967-38fb81c6a050,mandatory,3,3.webm,C:\Users\Anshika\voice_ml\dataset\raw\audio\f5f4bb28-973c-4278-9967-38fb81c6a050\mandatory\3.webm,val
f5f4bb28-973c-4278-9967-38fb81c6a050,mandatory,5,5.webm,C:\Users\Anshika\voice_ml\dataset\raw\audio\f5f4bb28-973c-4278-9967-38fb81c6a050\mandatory\5.webm,val
f70d467e-8781-426e-80e9-a74519d645ea,mandatory,1,1.webm,C:\Users\Anshika\voice_ml\dataset\raw\audio\f70d467e-8781-426e-80e9-a74519d645ea\mandatory\1.webm,train
f70d467e-8781-426e-80e9-a74519d645ea,mandatory,2,2.webm,C:\Users\Anshika\voice_ml\dataset\raw\audio\f70d467e-8781-426e-80e9-a74519d645ea\mandatory\2.webm,train
f70d467e-8781-426e-80e9-a74519d645ea,mandatory,3,3.webm,C:\Users\Anshika\voice_ml\dataset\raw\audio\f70d467e-8781-426e-80e9-a74519d645ea\mandatory\3.webm,train
f70d467e-8781-426e-80e9-a74519d645ea,mandatory,4,4.webm,C:\Users\Anshika\voice_ml\dataset\raw\audio\f70d467e-8781-426e-80e9-a74519d645ea\mandatory\4.webm,train
f70d467e-8781-426e-80e9-a74519d645ea,mandatory,5,5.webm,C:\Users\Anshika\voice_ml\dataset\raw\audio\f70d467e-8781-426e-80e9-a74519d645ea\mandatory\5.webm,train
fe398b09-8619-4849-b515-8b11c24fc7e7,mandatory,2,2.webm,C:\Users\Anshika\voice_ml\dataset\raw\audio\fe398b09-8619-4849-b515-8b11c24fc7e7\mandatory\2.webm,train
fe398b09-8619-4849-b515-8b11c24fc7e7,mandatory,3,3.webm,C:\Users\Anshika\voice_ml\dataset\raw\audio\fe398b09-8619-4849-b515-8b11c24fc7e7\mandatory\3.webm,train
fe398b09-8619-4849-b515-8b11c24fc7e7,mandatory,4,4.webm,C:\Users\Anshika\voice_ml\dataset\raw\audio\fe398b09-8619-4849-b515-8b11c24fc7e7\mandatory\4.webm,train
fe398b09-8619-4849-b515-8b11c24fc7e7,mandatory,5,5.webm,C:\Users\Anshika\voice_ml\dataset\raw\audio\fe398b09-8619-4849-b515-8b11c24fc7e7\mandatory\5.webm,train
