src_path,label,speaker_id,split
C:\Users\Anshika\voice_ml\dataset\raw\external\speech_commands_v0.02\go\825f450d_nohash_0.wav,go,825f450d,train
C:\Users\Anshika\voice_ml\dataset\raw\external\speech_commands_v0.02\six\c351e611_nohash_2.wav,six,c351e611,train
C:\Users\Anshika\voice_ml\dataset\raw\external\speech_commands_v0.02\no\850e2222_nohash_0.wav,no,850e2222,train
C:\Users\Anshika\voice_ml\dataset\raw\external\speech_commands_v0.02\right\b4604db4_nohash_0.wav,right,b4604db4,train
C:\Users\Anshika\voice_ml\dataset\raw\external\speech_commands_v0.02\bed\ece1a95a_nohash_1.wav,bed,ece1a95a,train
C:\Users\Anshika\voice_ml\dataset\raw\external\speech_commands_v0.02\bird\1d1fe0a0_nohash_0.wav,bird,1d1fe0a0,train
C:\Users\Anshika\voice_ml\dataset\raw\external\speech_commands_v0.02\on\c18d8d00_nohash_0.wav,on,c18d8d00,train
C:\Users\Anshika\voice_ml\dataset\raw\external\speech_commands_v0.02\down\3e31dffe_nohash_0.wav,down,3e31dffe,train
C:\Users\Anshika\voice_ml\dataset\raw\external\speech_commands_v0.02\cat\611d2b50_nohash_0.wav,cat,611d2b50,train
C:\Users\Anshika\voice_ml\dataset\raw\external\speech_commands_v0.02\dog\3a3ee7ed_nohash_0.wav,dog,3a3ee7ed,train
C:\Users\Anshika\voice_ml\dataset\raw\external\speech_commands_v0.02\nine\211b928a_nohash_1.wav,nine,211b928a,train
C:\Users\Anshika\voice_ml\dataset\raw\external\speech_commands_v0.02\seven\56cd307a_nohash_0.wav,seven,56cd307a,train
C:\Users\Anshika\voice_ml\dataset\raw\external\speech_commands_v0.02\yes\d070ea86_nohash_0.wav,yes,d070ea86,train
C:\Users\Anshika\voice_ml\dataset\raw\external\speech_commands_v0.02\three\e9abfe31_nohash_3.wav,three,e9abfe31,train
C:\Users\Anshika\voice_ml\dataset\raw\external\speech_commands_v0.02\sheila\5fb88f4c_nohash_1.wav,sheila,5fb88f4c,train
C:\Users\Anshika\voice_ml\dataset\raw\external\speech_commands_v0.02\house\a1e71565_nohash_0.wav,house,a1e71565,train
C:\Users\Anshika\voice_ml\dataset\raw\external\speech_commands_v0.02\tree\2ad772d6_nohash_1.wav,tree,2ad772d6,train
C:\Users\Anshika\voice_ml\dataset\raw\external\speech_commands_v0.02\right\686d030b_nohash_2.wav,right,686d030b,train
C:\Users\Anshika\voice_ml\dataset\raw\external\speech_commands_v0.02\go\dea820ce_nohash_2.wav,go,dea820ce,train
C:\Users\Anshika\voice_ml\dataset\raw\external\speech_commands_v0.02\four\e9bc5cc2_nohash_0.wav,four,e9bc5cc2,train
C:\Users\Anshika\voice_ml\dataset\raw\external\speech_commands_v0.02\learn\ace072ba_nohash_2.wav,learn,ace072ba,train
C:\Users\Anshika\voice_ml\dataset\raw\external\speech_commands_v0.02\eight\39a12648_nohash_1.wav,eight,39a12648,train
C:\Users\Anshika\voice_ml\dataset\raw\external\speech_commands_v0.02\down\ceef6d96_nohash_2.wav,down,ceef6d96,train
C:\Users\Anshika\voice_ml\dataset\raw\external\speech_commands_v0.02\house\2bdbe5f7_nohash_0.wav,house,2bdbe5f7,train
C:\Users\Anshika\voice_ml\dataset\raw\external\speech_commands_v0.02\nine\14df1e28_nohash_0.wav,nine,14df1e28,train
C:\Users\Anshika\voice_ml\dataset\raw\external\speech_commands_v0.02\marvin\dae01802_nohash_0.wav,marvin,dae01802,train
C:\Users\Anshika\voice_ml\dataset\raw\external\speech_commands_v0.02\house\e855b8f1_nohash_0.wav,house,e855b8f1,train
C:\Users\Anshika\voice_ml\dataset\raw\external\speech_commands_v0.02\right\07089da9_nohash_3.wav,right,07089da9,train
C:\Users\Anshika\voice_ml\dataset\raw\external\speech_commands_v0.02\stop\eefd26f3_nohash_0.wav,stop,eefd26f3,train
C:\Users\Anshika\voice_ml\dataset\raw\external\speech_commands_v0.02\yes\6347b393_nohash_0.wav,yes,6347b393,train
C:\Users\Anshika\voice_ml\dataset\raw\external\speech_commands_v0.02\bird\70a00e98_nohash_0.wav,bird,70a00e98,train
C:\Users\Anshika\voice_ml\dataset\raw\external\speech_commands_v0.02\marvin\6f3458b3_nohash_0.wav,marvin,6f3458b3,train
C:\Users\Anshika\voice_ml\dataset\raw\external\speech_commands_v0.02\happy\27c24504_nohash_0.wav,happy,27c24504,train
C:\Users\Anshika\voice_ml\dataset\raw\external\speech_commands_v0.02\three\c634a189_nohash_2.wav,three,c634a189,train
C:\Users\Anshika\voice_ml\dataset\raw\external\speech_commands_v0.02\learn\bbc30633_nohash_1.wav,learn,bbc30633,train
C:\Users\Anshika\voice_ml\dataset\raw\external\speech_commands_v0.02\tree\bfb10243_nohash_0.wav,tree,bfb10243,train
C:\Users\Anshika\voice_ml\dataset\raw\external\speech_commands_v0.02\dog\7bf801d1_nohash_0.wav,dog,7bf801d1,train
C:\Users\Anshika\voice_ml\dataset\raw\external\speech_commands_v0.02\stop\616420be_nohash_0.wav,stop,616420be,train
C:\Users\Anshika\voice_ml\dataset\raw\external\speech_commands_v0.02\left\a77fbcfd_nohash_0.wav,left,a77fbcfd,train
C:\Users\Anshika\voice_ml\dataset\raw\external\speech_commands_v0.02\tree\78884794_nohash_0.wav,tree,78884794,train
C:\Users\Anshika\voice_ml\dataset\raw\external\speech_commands_v0.02\eight\3d794813_nohash_0.wav,eight,3d794813,train
C:\Users\Anshika\voice_ml\dataset\raw\external\speech_commands_v0.02\yes\d78858d9_nohash_2.wav,yes,d78858d9,train
C:\Users\Anshika\voice_ml\dataset\raw\external\speech_commands_v0.02\two\2903efb3_nohash_0.wav,two,2903efb3,train
C:\Users\Anshika\voice_ml\dataset\raw\external\speech_commands_v0.02\no\aba19127_nohash_1.wav,no,aba19127,train
C:\Users\Anshika\voice_ml\dataset\raw\external\speech_commands_v0.02\off\bbc30633_nohash_1.wav,off,bbc30633,train
C:\Users\Anshika\voice_ml\dataset\raw\external\speech_commands_v0.02\bed\ce49cb60_nohash_1.wav,bed,ce49cb60,train
C:\Users\Anshika\voice_ml\dataset\raw\external\speech_commands_v0.02\two\1c84a139_nohash_3.wav,two,1c84a139,train
C:\Users\Anshika\voice_ml\dataset\raw\external\speech_commands_v0.02\down\a3fc7884_nohash_0.wav,down,a3fc7884,train
C:\Users\Anshika\voice_ml\dataset\raw\external\speech_commands_v0.02\backward\23da904f_nohash_4.wav,backward,23da904f,train
C:\Users\Anshika\voice_ml\dataset\raw\external\speech_commands_v0.02\cat\d0426d63_nohash_0.wav,cat,d0426d63,train
C:\Users\Anshika\voice_ml\dataset\raw\external\speech_commands_v0.02\zero\82305c3a_nohash_1.wav,zero,82305c3a,train
C:\Users\Anshika\voice_ml\dataset\raw\external\speech_commands_v0.02\seven\b9cccd01_nohash_0.wav,seven,b9cccd01,train
C:\Users\Anshika\voice_ml\dataset\raw\external\speech_commands_v0.02\learn\ee1d8d49_nohash_3.wav,learn,ee1d8d49,train
C:\Users\Anshika\voice_ml\dataset\raw\external\speech_commands_v0.02\four\1daa5ada_nohash_0.wav,four,1daa5ada,train
C:\Users\Anshika\voice_ml\dataset\raw\external\speech_commands_v0.02\left\89f680f3_nohash_1.wav,left,89f680f3,train
C:\Users\Anshika\voice_ml\dataset\raw\external\speech_commands_v0.02\bird\dbb7723a_nohash_1.wav,bird,dbb7723a,train
C:\Users\Anshika\voice_ml\dataset\raw\external\speech_commands_v0.02\off\a2fefcb4_nohash_0.wav,off,a2fefcb4,train
C:\Users\Anshika\voice_ml\dataset\raw\external\speech_commands_v0.02\eight\3006c271_nohash_0.wav,eight,3006c271,train
C:\Users\Anshika\voice_ml\dataset\raw\external\speech_commands_v0.02\sheila\f9af0887_nohash_0.wav,sheila,f9af0887,train
C:\Users\Anshika\voice_ml\dataset\raw\external\speech_commands_v0.02\zero\d264f7b6_nohash_4.wav,zero,d264f7b6,train
C:\Users\Anshika\voice_ml\dataset\raw\external\speech_commands_v0.02\zero\c6a23ff5_nohash_0.wav,zero,c6a23ff5,train
C:\Users\Anshika\voice_ml\dataset\raw\external\speech_commands_v0.02\backward\a16013b7_nohash_2.wav,backward,a16013b7,train
C:\Users\Anshika\voice_ml\dataset\raw\external\speech_commands_v0.02\off\0d90d8e1_nohash_4.wav,off,0d90d8e1,train
C:\Users\Anshika\voice_ml\dataset\raw\external\speech_commands_v0.02\four\197f4153_nohash_0.wav,four,197f4153,train
C:\Users\Anshika\voice_ml\dataset\raw\external\speech_commands_v0.02\down\64df20d8_nohash_0.wav,down,64df20d8,train
C:\Users\Anshika\voice_ml\dataset\raw\external\speech_commands_v0.02\six\91bed2e0_nohash_0.wav,six,91bed2e0,train
C:\Users\Anshika\voice_ml\dataset\raw\external\speech_commands_v0.02\bird\0a7c2a8d_nohash_0.wav,bird,0a7c2a8d,train
C:\Users\Anshika\voice_ml\dataset\raw\external\speech_commands_v0.02\dog\14872d06_nohash_0.wav,dog,14872d06,train
C:\Users\Anshika\voice_ml\dataset\raw\external\speech_commands_v0.02\on\3b3d2f59_nohash_2.wav,on,3b3d2f59,train
C:\Users\Anshika\voice_ml\dataset\raw\external\speech_commands_v0.02\stop\bdd22e4d_nohash_2.wav,stop,bdd22e4d,train
C:\Users\Anshika\voice_ml\dataset\raw\external\speech_commands_v0.02\on\617de221_nohash_0.wav,on,617de221,train
C:\Users\Anshika\voice_ml\dataset\raw\external\speech_commands_v0.02\up\98ea0818_nohash_4.wav,up,98ea0818,train
C:\Users\Anshika\voice_ml\dataset\raw\external\speech_commands_v0.02\left\65c73b55_nohash_0.wav,left,65c73b55,train
C:\Users\Anshika\voice_ml\dataset\raw\external\speech_commands_v0.02\seven\9fac5701_nohash_0.wav,seven,9fac5701,train
C:\Users\Anshika\voice_ml\dataset\raw\external\speech_commands_v0.02\one\329eab8a_nohash_0.wav,one,329eab8a,train
C:\Users\Anshika\voice_ml\dataset\raw\external\speech_commands_v0.02\one\9a76f8c3_nohash_0.wav,one,9a76f8c3,train
C:\Users\Anshika\voice_ml\dataset\raw\external\speech_commands_v0.02\up\0a196374_nohash_1.wav,up,0a196374,train
C:\Users\Anshika\voice_ml\dataset\raw\external\speech_commands_v0.02\five\b308773d_nohash_2.wav,five,b308773d,train
C:\Users\Anshika\voice_ml\dataset\raw\external\speech_commands_v0.02\one\a709ddd3_nohash_0.wav,one,a709ddd3,train
C:\Users\Anshika\voice_ml\dataset\raw\external\speech_commands_v0.02\bed\c205e625_nohash_1.wav,bed,c205e625,train
C:\Users\Anshika\voice_ml\dataset\raw\external\speech_commands_v0.02\six\0474c92a_nohash_0.wav,six,0474c92a,train
C:\Users\Anshika\voice_ml\dataset\raw\external\speech_commands_v0.02\marvin\619b5164_nohash_1.wav,marvin,619b5164,train
C:\Users\Anshika\voice_ml\dataset\raw\external\speech_commands_v0.02\sheila\063d48cf_nohash_0.wav,sheila,063d48cf,train
C:\Users\Anshika\voice_ml\dataset\raw\external\speech_commands_v0.02\happy\1e412fac_nohash_1.wav,happy,1e412fac,train
C:\Users\Anshika\voice_ml\dataset\raw\external\speech_commands_v0.02\house\72d75d96_nohash_0.wav,house,72d75d96,train
C:\Users\Anshika\voice_ml\dataset\raw\external\speech_commands_v0.02\nine\66041c69_nohash_2.wav,nine,66041c69,train
C:\Users\Anshika\voice_ml\dataset\raw\external\speech_commands_v0.02\six\8134f43f_nohash_2.wav,six,8134f43f,train
C:\Users\Anshika\voice_ml\dataset\raw\external\speech_commands_v0.02\backward\ee1d8d49_nohash_0.wav,backward,ee1d8d49,train
C:\Users\Anshika\voice_ml\dataset\raw\external\speech_commands_v0.02\five\11099149_nohash_0.wav,five,11099149,train
C:\Users\Anshika\voice_ml\dataset\raw\external\speech_commands_v0.02\two\4fce7686_nohash_0.wav,two,4fce7686,train
C:\Users\Anshika\voice_ml\dataset\raw\external\speech_commands_v0.02\four\312d6d81_nohash_0.wav,four,312d6d81,train
C:\Users\Anshika\voice_ml\dataset\raw\external\speech_commands_v0.02\eight\cc3b5b62_nohash_2.wav,eight,cc3b5b62,train
C:\Users\Anshika\voice_ml\dataset\raw\external\speech_commands_v0.02\zero\cf87b736_nohash_0.wav,zero,cf87b736,train
C:\Users\Anshika\voice_ml\dataset\raw\external\speech_commands_v0.02\cat\d0858dce_nohash_0.wav,cat,d0858dce,train
C:\Users\Anshika\voice_ml\dataset\raw\external\speech_commands_v0.02\five\d98dd124_nohash_2.wav,five,d98dd124,train
C:\Users\Anshika\voice_ml\dataset\raw\external\speech_commands_v0.02\right\686d030b_nohash_3.wav,right,686d030b,train
C:\Users\Anshika\voice_ml\dataset\raw\external\speech_commands_v0.02\go\0ff728b5_nohash_0.wav,go,0ff728b5,train
C:\Users\Anshika\voice_ml\dataset\raw\external\speech_commands_v0.02\on\8536c82d_nohash_0.wav,on,8536c82d,train
C:\Users\Anshika\voice_ml\dataset\raw\external\speech_commands_v0.02\up\b0ae6326_nohash_0.wav,up,b0ae6326,train
C:\Users\Anshika\voice_ml\dataset\raw\external\speech_commands_v0.02\no\18e910f4_nohash_0.wav,no,18e910f4,train
C:\Users\Anshika\voice_ml\dataset\raw\external\speech_commands_v0.02\up\825f450d_nohash_0.wav,up,825f450d,train
C:\Users\Anshika\voice_ml\dataset\raw\external\speech_commands_v0.02\two\9886d8bf_nohash_1.wav,two,9886d8bf,train
C:\Users\Anshika\voice_ml\dataset\raw\external\speech_commands_v0.02\marvin\e855b8f1_nohash_0.wav,marvin,e855b8f1,train
C:\Users\Anshika\voice_ml\dataset\raw\external\speech_commands_v0.02\three\fafe8101_nohash_0.wav,three,fafe8101,train
C:\Users\Anshika\voice_ml\dataset\raw\external\speech_commands_v0.02\tree\c5570933_nohash_1.wav,tree,c5570933,train
C:\Users\Anshika\voice_ml\dataset\raw\external\speech_commands_v0.02\learn\62f05757_nohash_0.wav,learn,62f05757,train
C:\Users\Anshika\voice_ml\dataset\raw\external\speech_commands_v0.02\happy\616420be_nohash_0.wav,happy,616420be,train
C:\Users\Anshika\voice_ml\dataset\raw\external\speech_commands_v0.02\off\413997c1_nohash_1.wav,off,413997c1,train
C:\Users\Anshika\voice_ml\dataset\raw\external\speech_commands_v0.02\nine\3d676310_nohash_0.wav,nine,3d676310,train
C:\Users\Anshika\voice_ml\dataset\raw\external\speech_commands_v0.02\stop\8012c69d_nohash_1.wav,stop,8012c69d,train
C:\Users\Anshika\voice_ml\dataset\raw\external\speech_commands_v0.02\yes\d0426d63_nohash_0.wav,yes,d0426d63,train
C:\Users\Anshika\voice_ml\dataset\raw\external\speech_commands_v0.02\five\4b25f620_nohash_0.wav,five,4b25f620,train
C:\Users\Anshika\voice_ml\dataset\raw\external\speech_commands_v0.02\left\11379f4d_nohash_1.wav,left,11379f4d,train
C:\Users\Anshika\voice_ml\dataset\raw\external\speech_commands_v0.02\happy\0d6d7360_nohash_0.wav,happy,0d6d7360,train
C:\Users\Anshika\voice_ml\dataset\raw\external\speech_commands_v0.02\backward\3a69f765_nohash_3.wav,backward,3a69f765,train
C:\Users\Anshika\voice_ml\dataset\raw\external\speech_commands_v0.02\seven\1ed0b13d_nohash_4.wav,seven,1ed0b13d,train
C:\Users\Anshika\voice_ml\dataset\raw\external\speech_commands_v0.02\one\e0611c84_nohash_0.wav,one,e0611c84,train
C:\Users\Anshika\voice_ml\dataset\raw\external\speech_commands_v0.02\three\7cf14c54_nohash_0.wav,three,7cf14c54,train
C:\Users\Anshika\voice_ml\dataset\raw\external\speech_commands_v0.02\go\eb3f7d82_nohash_0.wav,go,eb3f7d82,train
C:\Users\Anshika\voice_ml\dataset\raw\external\speech_commands_v0.02\no\9f869f70_nohash_0.wav,no,9f869f70,train
C:\Users\Anshika\voice_ml\dataset\raw\external\speech_commands_v0.02\dog\9dcfba4b_nohash_0.wav,dog,9dcfba4b,train
C:\Users\Anshika\voice_ml\dataset\raw\external\speech_commands_v0.02\off\c24d96eb_nohash_1.wav,off,c24d96eb,val
C:\Users\Anshika\voice_ml\dataset\raw\external\speech_commands_v0.02\right\57cb3575_nohash_0.wav,right,57cb3575,val
C:\Users\Anshika\voice_ml\dataset\raw\external\speech_commands_v0.02\on\e71a9381_nohash_2.wav,on,e71a9381,val
C:\Users\Anshika\voice_ml\dataset\raw\external\speech_commands_v0.02\dog\c90c0105_nohash_0.wav,dog,c90c0105,val
C:\Users\Anshika\voice_ml\dataset\raw\external\speech_commands_v0.02\sheila\b487da60_nohash_0.wav,sheila,b487da60,val
C:\Users\Anshika\voice_ml\dataset\raw\external\speech_commands_v0.02\learn\93cf902e_nohash_0.wav,learn,93cf902e,val
C:\Users\Anshika\voice_ml\dataset\raw\external\speech_commands_v0.02\down\16db1582_nohash_0.wav,down,16db1582,val
C:\Users\Anshika\voice_ml\dataset\raw\external\speech_commands_v0.02\marvin\30276d03_nohash_0.wav,marvin,30276d03,val
C:\Users\Anshika\voice_ml\dataset\raw\external\speech_commands_v0.02\seven\ef77b778_nohash_1.wav,seven,ef77b778,val
C:\Users\Anshika\voice_ml\dataset\raw\external\speech_commands_v0.02\up\f822b9bf_nohash_1.wav,up,f822b9bf,val
C:\Users\Anshika\voice_ml\dataset\raw\external\speech_commands_v0.02\bed\97ae8b25_nohash_0.wav,bed,97ae8b25,val
C:\Users\Anshika\voice_ml\dataset\raw\external\speech_commands_v0.02\three\d3831f6a_nohash_4.wav,three,d3831f6a,val
C:\Users\Anshika\voice_ml\dataset\raw\external\speech_commands_v0.02\one\ff2b842e_nohash_4.wav,one,ff2b842e,val
C:\Users\Anshika\voice_ml\dataset\raw\external\speech_commands_v0.02\zero\067f61e2_nohash_2.wav,zero,067f61e2,val
C:\Users\Anshika\voice_ml\dataset\raw\external\speech_commands_v0.02\go\e54a0f16_nohash_3.wav,go,e54a0f16,val
C:\Users\Anshika\voice_ml\dataset\raw\external\speech_commands_v0.02\backward\8dc18a75_nohash_0.wav,backward,8dc18a75,val
C:\Users\Anshika\voice_ml\dataset\raw\external\speech_commands_v0.02\five\66774579_nohash_0.wav,five,66774579,val
C:\Users\Anshika\voice_ml\dataset\raw\external\speech_commands_v0.02\eight\fa7895de_nohash_0.wav,eight,fa7895de,val
C:\Users\Anshika\voice_ml\dataset\raw\external\speech_commands_v0.02\four\826268f8_nohash_1.wav,four,826268f8,val
C:\Users\Anshika\voice_ml\dataset\raw\external\speech_commands_v0.02\house\e6db3894_nohash_0.wav,house,e6db3894,val
C:\Users\Anshika\voice_ml\dataset\raw\external\speech_commands_v0.02\yes\6c0f6493_nohash_1.wav,yes,6c0f6493,val
C:\Users\Anshika\voice_ml\dataset\raw\external\speech_commands_v0.02\six\ad63d93c_nohash_1.wav,six,ad63d93c,val
C:\Users\Anshika\voice_ml\dataset\raw\external\speech_commands_v0.02\nine\067f61e2_nohash_1.wav,nine,067f61e2,val
C:\Users\Anshika\voice_ml\dataset\raw\external\speech_commands_v0.02\happy\aa753bb9_nohash_0.wav,happy,aa753bb9,val
C:\Users\Anshika\voice_ml\dataset\raw\external\speech_commands_v0.02\cat\b00dff7e_nohash_0.wav,cat,b00dff7e,val
C:\Users\Anshika\voice_ml\dataset\raw\external\speech_commands_v0.02\no\ab00c4b2_nohash_1.wav,no,ab00c4b2,val
C:\Users\Anshika\voice_ml\dataset\raw\external\speech_commands_v0.02\five\9a69672b_nohash_4.wav,five,9a69672b,test
C:\Users\Anshika\voice_ml\dataset\raw\external\speech_commands_v0.02\learn\dfdabe19_nohash_1.wav,learn,dfdabe19,test
C:\Users\Anshika\voice_ml\dataset\raw\external\speech_commands_v0.02\happy\f297e878_nohash_0.wav,happy,f297e878,test
C:\Users\Anshika\voice_ml\dataset\raw\external\speech_commands_v0.02\two\210f3aa9_nohash_0.wav,two,210f3aa9,test
C:\Users\Anshika\voice_ml\dataset\raw\external\speech_commands_v0.02\sheila\03401e93_nohash_0.wav,sheila,03401e93,test
C:\Users\Anshika\voice_ml\dataset\raw\external\speech_commands_v0.02\seven\b2e2773a_nohash_2.wav,seven,b2e2773a,test
C:\Users\Anshika\voice_ml\dataset\raw\external\speech_commands_v0.02\go\97f4c236_nohash_4.wav,go,97f4c236,test
C:\Users\Anshika\voice_ml\dataset\raw\external\speech_commands_v0.02\house\7e1054e7_nohash_1.wav,house,7e1054e7,test
C:\Users\Anshika\voice_ml\dataset\raw\external\speech_commands_v0.02\yes\b737ee80_nohash_0.wav,yes,b737ee80,test
C:\Users\Anshika\voice_ml\dataset\raw\external\speech_commands_v0.02\tree\1acc97de_nohash_0.wav,tree,1acc97de,test
C:\Users\Anshika\voice_ml\dataset\raw\external\speech_commands_v0.02\stop\964e8cfd_nohash_2.wav,stop,964e8cfd,test
C:\Users\Anshika\voice_ml\dataset\raw\external\speech_commands_v0.02\nine\c22d3f18_nohash_1.wav,nine,c22d3f18,test
C:\Users\Anshika\voice_ml\dataset\raw\external\speech_commands_v0.02\no\63f7a489_nohash_4.wav,no,63f7a489,test
C:\Users\Anshika\voice_ml\dataset\raw\external\speech_commands_v0.02\one\97f4c236_nohash_4.wav,one,97f4c236,test
C:\Users\Anshika\voice_ml\dataset\raw\external\speech_commands_v0.02\left\f428ca69_nohash_3.wav,left,f428ca69,test
C:\Users\Anshika\voice_ml\dataset\raw\external\speech_commands_v0.02\off\dc75148d_nohash_1.wav,off,dc75148d,test
C:\Users\Anshika\voice_ml\dataset\raw\external\speech_commands_v0.02\up\8fe67225_nohash_4.wav,up,8fe67225,test
C:\Users\Anshika\voice_ml\dataset\raw\external\speech_commands_v0.02\four\b737ee80_nohash_0.wav,four,b737ee80,test
C:\Users\Anshika\voice_ml\dataset\raw\external\speech_commands_v0.02\bird\6736bc64_nohash_0.wav,bird,6736bc64,test
C:\Users\Anshika\voice_ml\dataset\raw\external\speech_commands_v0.02\backward\3d86b69a_nohash_3.wav,backward,3d86b69a,test
C:\Users\Anshika\voice_ml\dataset\raw\external\speech_commands_v0.02\three\d962e5ac_nohash_0.wav,three,d962e5ac,test
C:\Users\Anshika\voice_ml\dataset\raw\external\speech_commands_v0.02\cat\e0c782d5_nohash_0.wav,cat,e0c782d5,test
C:\Users\Anshika\voice_ml\dataset\raw\external\speech_commands_v0.02\right\82d0d3ba_nohash_0.wav,right,82d0d3ba,test
C:\Users\Anshika\voice_ml\dataset\raw\external\speech_commands_v0.02\six\e0c782d5_nohash_1.wav,six,e0c782d5,test
C:\Users\Anshika\voice_ml\dataset\raw\external\speech_commands_v0.02\zero\9a7c1f83_nohash_0.wav,zero,9a7c1f83,test
C:\Users\Anshika\voice_ml\dataset\raw\external\speech_commands_v0.02\bed\c9e251d2_nohash_0.wav,bed,c9e251d2,test
